date, pm25, pm10, o3, no2, so2, co
2025/6/1, 48, 29, 37, 4, 1, 
2025/6/2, 46, 31, 38, 5, 1, 
2025/6/3, 51, 30, 45, 7, 1, 
2025/6/4, 61, 37, 45, 5, 1, 
2025/6/5, 73, 37, 39, 3, 1, 
2025/6/6, 71, 26, 42, 3, 1, 
2025/6/7, 61, 26, 32, , 1, 
2025/6/8, 64, 33, 26, 4, 1, 
2025/6/9, 66, 30, 30, 9, 1, 
2025/6/10, 60, 41, 38, 9, 1, 
2025/6/11, 68, 35, 42, 4, 1, 
2025/6/12, 72, 45, 43, 3, 1, 
2025/6/13, 83, 45, 43, 2, 1, 
2025/6/14, 91, 35, 40, 1, 1, 
2025/6/15, 76, 36, 31, 2, 1, 
2025/6/16, 66, 37, 37, 5, 1, 
2025/6/17, 69, 34, 34, 3, 1, 
2025/6/18, 68, 31, 33, 6, 1, 
2025/6/19, 63, 32, 37, 6, 1, 
2025/6/20, 67, 29, 38, 5, 1, 
2025/6/21, 64, 26, 45, 2, 1, 
2025/6/22, 62, 27, 33, 5, 1, 
2025/6/23, 57, 26, 33, 7, 1, 
2025/6/24, 55, 26, 36, 6, 1, 
2025/6/25, 54, 36, 37, 8, 1, 
2025/6/26, 62, 35, 36, 6, 1, 
2025/6/27, 64, 30, 38, 7, 1, 
2025/6/28, 62, 27, 39, 7, 1, 
2025/6/29, 59, , , , , 
2025/5/1, 56, 38, 43, 3, , 
2025/5/2, 69, 39, 36, 3, , 
2025/5/3, 71, 13, 33, 1, , 
2025/5/4, 26, 18, 31, 3, , 
2025/5/5, 20, 19, 40, 3, 1, 
2025/5/6, 27, 25, 40, 5, 1, 
2025/5/7, 38, 25, 36, 6, 1, 
2025/5/8, 50, 19, 35, 7, 1, 
2025/5/9, 55, 20, 36, 1, 1, 
2025/5/10, 51, 11, 36, 2, 1, 
2025/5/11, 34, 18, 37, 7, 1, 
2025/5/12, 34, 21, 44, 2, 1, 
2025/5/13, 47, 26, 40, 3, 1, 
2025/5/14, 57, 22, 36, 6, 1, 
2025/5/15, 38, 31, 39, 7, 1, 
2025/5/16, 41, 20, 44, 3, 1, 
2025/5/17, 53, 22, 44, 3, 1, 
2025/5/18, 57, 36, 34, 7, 1, 
2025/5/19, 42, 26, 43, 5, 1, 
2025/5/20, 32, 28, 39, 5, , 
2025/5/21, 41, 30, 36, 8, 1, 
2025/5/22, 53, 25, 37, 3, 1, 
2025/5/23, 36, 15, 40, 5, 1, 
2025/5/24, 36, 18, 41, 4, 1, 
2025/5/25, 44, 30, 49, 5, 1, 
2025/5/26, 58, 30, 39, 5, 1, 
2025/5/27, 53, 33, 35, 6, 1, 
2025/5/28, 49, 34, 41, 8, 1, 
2025/5/29, 51, 31, 39, 7, 1, 
2025/5/30, 50, 21, 39, 4, 1, 
2025/5/31, 49, 21, 43, 3, 1, 
2025/4/1, 61, 34, 42, 4, 1, 
2025/4/2, 55, 31, 40, 2, 1, 
2025/4/3, 57, 30, 36, 5, 1, 
2025/4/4, 62, 13, 31, 6, 1, 
2025/4/5, 38, 11, 34, 3, 1, 
2025/4/6, 23, 29, 36, 9, , 
2025/4/7, 46, 39, 40, 8, 1, 
2025/4/8, 72, 36, 35, 6, 1, 
2025/4/9, 74, 33, 40, 4, 1, 
2025/4/10, 62, 30, 39, 4, 1, 
2025/4/11, 59, 32, 32, 6, 1, 
2025/4/12, 75, 37, 36, 5, 1, 
2025/4/13, 91, 36, 34, 7, 1, 
2025/4/14, 77, 26, 34, 4, 1, 
2025/4/15, 24, 25, 36, 3, 1, 
2025/4/16, 19, 14, 36, 5, 1, 
2025/4/17, 28, 16, 33, 7, 1, 
2025/4/18, 36, 19, 36, 3, 1, 
2025/4/19, 30, 8, 33, 2, 1, 
2025/4/20, 21, 11, 39, 3, 1, 
2025/4/21, 27, 24, 26, 10, 1, 
2025/4/22, 56, 18, 32, 5, 1, 
2025/4/23, 42, 26, 31, 8, 1, 
2025/4/24, 49, 26, 41, 6, 1, 
2025/4/25, 62, 24, 29, 6, 1, 
2025/4/26, 58, 7, 34, 2, 1, 
2025/4/27, 17, 12, 33, 4, 3, 
2025/4/28, 29, 21, 45, 3, 1, 
2025/4/29, 39, 21, 40, 2, 1, 
2025/4/30, 43, 25, 45, 1, 1, 
2025/1/1, 53, 14, 15, 10, 1, 
2025/1/2, 38, 19, 22, 12, 1, 
2025/1/3, 33, 11, 22, 7, 1, 
2025/1/4, 33, 14, 27, 4, 1, 
2025/1/5, 43, 7, 32, 3, 1, 
2025/1/6, 18, 20, 26, 8, 1, 
2025/1/7, 23, 26, 30, 8, 1, 
2025/1/8, 27, 25, 25, 7, , 
2025/1/9, 26, 24, 19, 7, 1, 
2025/1/10, 27, 11, 29, 3, 1, 
2025/1/11, 15, 19, 33, 2, , 
2025/1/12, 19, 25, 26, 9, 1, 
2025/1/13, 36, 30, 23, 10, 1, 
2025/1/14, 44, 41, 15, 18, 2, 
2025/1/15, 66, 18, 29, 5, 1, 
2025/1/16, 37, 6, 25, 5, 1, 
2025/1/17, 25, 10, 24, 8, 1, 
2025/1/18, 31, 11, 26, 8, 1, 
2025/1/19, 40, 22, 13, 17, 1, 
2025/1/20, 55, 28, 3, 18, 1, 
2025/1/21, 74, 31, 14, 14, 1, 
2025/1/22, 63, 21, 22, 9, 1, 
2025/1/23, 26, 21, 22, 11, 1, 
2025/1/24, 35, 10, 27, 5, 1, 
2025/1/25, 27, 4, 28, 3, 1, 
2025/1/26, 14, 33, 35, 3, 1, 
2025/1/27, 26, 21, 35, 2, 1, 
2025/1/28, 19, 16, 25, 7, 1, 
2025/1/29, 23, 17, 29, 6, 1, 
2025/1/30, 18, 23, 29, 7, 1, 
2025/1/31, 36, 10, 26, 6, , 
2025/2/1, 29, 10, 17, 2, 1, 
2025/2/2, 44, 18, 24, 12, 1, 
2025/2/3, 34, 24, 24, 12, 1, 
2025/2/4, 45, 29, 18, 15, 1, 
2025/2/5, 51, 30, 25, 12, 1, 
2025/2/6, 59, 37, 26, 12, 2, 
2025/2/7, 71, 9, 29, 6, 1, 
2025/2/8, 28, 10, 25, 6, 1, 
2025/2/9, 39, 21, 33, 8, 1, 
2025/2/10, 49, 21, 31, 9, , 
2025/2/11, 49, 28, 24, 9, 1, 
2025/2/12, 66, 22, 23, 10, 1, 
2025/2/13, 35, 27, 20, 14, 1, 
2025/2/14, 47, 18, 34, 7, 1, 
2025/2/15, 61, 20, 32, 6, 1, 
2025/2/16, 67, 33, 28, 8, 1, 
2025/2/17, 90, 30, 37, 5, , 
2025/2/18, 80, 38, 35, 9, 1, 
2025/2/19, 97, 35, 34, 7, 1, 
2025/2/20, 81, 25, 33, 7, 1, 
2025/2/21, 68, 22, 27, 6, 1, 
2025/2/22, 70, 9, 31, 5, 1, 
2025/2/23, 38, 16, 19, 11, 1, 
2025/2/24, 36, 20, 25, 7, 1, 
2025/2/25, 28, 24, 29, 10, 1, 
2025/2/26, 40, 42, 18, 13, 1, 
2025/2/27, 67, 39, 39, 7, 1, 
2025/2/28, 72, 30, 36, 2, 1, 
2025/3/1, 67, 26, 37, 1, 1, 
2025/3/2, 69, 40, 36, 3, 1, 
2025/3/3, 74, 36, 34, 2, 1, 
2025/3/4, 69, 27, 39, 1, 1, 
2025/3/5, 60, 39, 36, 1, , 
2025/3/6, 72, 22, 27, 6, 1, 
2025/3/7, 55, 41, 32, 6, 1, 
2025/3/8, 79, 6, 35, 1, 1, 
2025/3/9, 17, 14, 28, 6, 1, 
2025/3/10, 29, 12, 32, 6, 1, 
2025/3/11, 24, 16, 28, 5, 1, 
2025/3/12, 24, 21, 23, 12, 1, 
2025/3/13, 44, 17, 19, 11, 1, 
2025/3/14, 52, 11, 33, 6, 1, 
2025/3/15, 34, 14, 28, 5, 1, 
2025/3/16, 41, 16, 25, 7, 1, 
2025/3/17, 46, 15, 33, 4, 1, 
2025/3/18, 47, 27, 35, 2, , 
2025/3/19, 64, 57, 32, 2, , 
2025/3/20, 94, 40, 27, 8, 1, 
2025/3/21, 61, 11, 32, 2, 1, 
2025/3/22, 23, 6, 33, 2, 1, 
2025/3/23, 19, 19, 30, 6, 1, 
2025/3/24, 30, 21, 24, 9, 1, 
2025/3/25, 38, 21, 31, 10, 1, 
2025/3/26, 35, 25, 34, 7, 1, 
2025/3/27, 44, 27, 28, 8, 1, 
2025/3/28, 47, 26, 41, 3, 1, 
2025/3/29, 24, 12, 38, 6, 1, 
2025/3/30, 29, 35, 32, 14, 1, 
2025/3/31, 53, 34, 43, 7, 1, 
2024/10/1, 27, 47, 18, 11, 2, 
2024/10/2, 35, 20, 27, 7, 2, 
2024/10/3, 24, 34, 28, 10, 1, 
2024/10/4, 30, 13, 39, 5, 1, 
2024/10/5, 28, 26, 7, 7, 1, 
2024/10/6, 52, 21, 22, 7, 1, 
2024/10/7, 54, 23, 23, 11, 1, 
2024/10/8, 21, 12, 27, , 1, 
2024/10/9, 19, 29, 22, 6, 1, 
2024/10/10, 18, 33, 31, 9, 1, 
2024/10/11, 43, 16, 35, 7, 1, 
2024/10/12, 54, 8, 24, 5, 1, 
2024/10/13, 27, 17, 29, 5, 1, 
2024/10/14, 42, 18, 25, 5, 1, 
2024/10/15, 51, 19, 21, 9, 1, 
2024/10/16, 53, 15, 25, 6, 1, 
2024/10/17, 18, 18, 26, 7, , 
2024/10/18, 18, 7, 23, 6, 1, 
2024/10/19, 19, 9, 28, 5, 1, 
2024/10/20, 30, 14, 35, 4, 1, 
2024/10/21, 36, 18, 36, 1, 1, 
2024/10/22, 28, 6, , 4, 1, 
2024/10/23, 27, 15, , 7, 1, 
2024/10/24, 44, 18, , 8, 1, 
2024/10/25, 52, , , 3, 1, 
2024/10/28, 23, 13, 30, , 1, 
2024/10/29, 45, 45, 30, 4, 1, 
2024/10/30, 97, 38, 26, 2, 1, 
2024/10/31, 71, 20, 40, 1, 1, 
2024/11/1, 46, , , , , 
2024/11/4, 61, 46, 18, 10, 1, 
2024/11/5, 82, 35, 26, 6, 1, 
2024/11/6, 77, 26, 28, 6, 1, 
2024/11/7, 60, 36, 18, 10, 1, 
2024/11/8, 64, 32, 15, 8, 1, 
2024/11/9, 67, 26, 21, 7, 1, 
2024/11/10, 48, 33, 16, 10, 1, 
2024/11/11, 47, 43, 30, 9, 1, 
2024/11/12, 55, 9, 28, 6, , 
2024/11/13, 20, 11, 29, 2, , 
2024/11/14, 41, 16, 26, 9, 1, 
2024/11/15, 45, 18, 20, 7, 1, 
2024/11/16, 51, 23, 16, 7, 1, 
2024/11/17, 54, 34, 8, 10, 1, 
2024/11/18, 68, 41, 16, 9, 1, 
2024/11/19, 64, 51, 17, 7, 1, 
2024/11/20, 58, 42, 26, 4, 1, 
2024/11/21, 34, 28, 26, 9, 1, 
2024/11/22, 31, 14, 24, 7, 1, 
2024/11/23, 37, 13, 30, 4, 1, 
2024/11/24, 45, 36, 12, 12, 1, 
2024/11/25, 78, 28, 18, 12, 1, 
2024/11/26, 44, 27, 12, 12, 1, 
2024/11/27, 58, 31, 18, 9, 1, 
2024/11/28, 66, 28, 3, 13, 1, 
2024/11/29, 75, 32, 19, 10, 1, 
2024/11/30, 89, 31, 20, 6, 1, 
2024/12/1, 85, 48, 3, 14, 1, 
2024/12/2, 95, 25, 14, 10, 1, 
2024/12/3, 63, 25, 12, 11, , 
2024/12/4, 52, 36, 8, 17, 1, 
2024/12/5, 46, 13, 18, 6, 1, 
2024/12/6, 25, 16, 28, 3, 1, 
2024/12/7, 26, 17, 31, 1, 1, 
2024/12/8, 17, 18, 23, 4, 1, 
2024/12/9, 17, 35, 22, 14, 1, 
2024/12/10, 42, 12, 14, 8, 1, 
2024/12/11, 30, 16, 15, 9, 1, 
2024/12/12, 38, 29, 18, 11, 1, 
2024/12/13, 56, 13, 19, 9, 1, 
2024/12/14, 36, 10, 21, 8, 1, 
2024/12/15, 26, 26, 18, 12, 1, 
2024/12/16, 42, 32, 14, 13, 1, 
2024/12/17, 54, 46, 16, 13, 1, 
2024/12/18, 59, 66, 29, 5, 1, 
2024/12/19, 60, 35, 23, 12, 1, 
2024/12/20, 39, 19, 21, 12, 1, 
2024/12/21, 33, 12, 19, 5, 1, 
2024/12/22, 21, 62, 34, 2, 1, 
2024/12/23, 39, 23, 17, 12, 1, 
2024/12/24, 36, 7, 27, 6, 1, 
2024/12/25, 25, 21, 16, 12, 1, 
2024/12/26, 50, 20, 13, 12, 1, 
2024/12/27, 59, 17, 22, 7, 1, 
2024/12/28, 53, 13, 18, 8, 1, 
2024/12/29, 44, , , , , 
2024/7/1, 32, 12, 39, 5, 2, 
2024/7/2, 31, 19, 33, 6, 2, 
2024/7/3, 41, 20, 37, 6, 2, 
2024/7/4, 43, 15, 32, 4, 2, 
2024/7/5, 40, 15, 33, 2, 2, 
2024/7/6, 38, 16, 28, 1, 2, 
2024/7/7, 46, 19, 24, 3, 2, 
2024/7/8, 52, 20, 30, 2, 3, 
2024/7/9, 55, 25, 30, 5, 3, 
2024/7/10, 60, 28, 30, 4, 2, 
2024/7/11, 71, 22, 25, 3, 2, 
2024/7/12, 56, 18, 29, 1, 2, 
2024/7/13, 51, 19, 25, 1, 1, 
2024/7/14, 52, 30, 32, 5, 2, 
2024/7/15, 65, 26, 26, 5, 2, 
2024/7/16, 69, , , , , 
2024/7/18, 38, 18, 9, 11, 2, 
2024/7/19, 57, , , , , 
2024/7/22, 53, 26, 3, 20, 3, 
2024/7/23, 51, 26, 6, 15, 2, 
2024/7/24, 59, , , , , 
2024/7/26, 31, , , , , 
2024/7/30, 56, 22, 30, 7, 2, 
2024/7/31, 40, 23, 36, 6, 2, 
2024/8/1, 57, 27, 41, 4, 2, 
2024/8/2, 64, , , , , 
2024/8/5, 55, 15, 23, 1, 2, 
2024/8/6, 49, 14, 18, 2, 2, 
2024/8/7, 46, 16, 33, 3, 1, 
2024/8/8, 39, 17, 30, 5, 1, 
2024/8/9, 43, 13, 38, 4, 2, 
2024/8/10, 35, 11, 39, 2, 2, 
2024/8/11, 32, 13, 34, 3, 1, 
2024/8/12, 35, 16, 34, 2, 1, 
2024/8/13, 43, 14, 36, 5, 1, 
2024/8/14, 40, , , , , 
2024/8/19, 47, , , , , 
2024/8/23, 70, 18, 40, 2, 1, 
2024/8/24, 60, 19, 30, 1, 1, 
2024/8/25, 56, 14, 32, 2, 2, 
2024/8/26, 40, , , , , 
2024/8/30, 36, 12, 35, 1, 2, 
2024/8/31, 43, 12, 34, 1, 2, 
2024/9/1, 47, 16, 33, 7, 2, 
2024/9/2, 51, 16, 39, 4, 2, 
2024/9/3, 49, 10, 30, 9, 2, 
2024/9/4, 33, 9, 27, 4, 2, 
2024/9/5, 23, 15, 32, 6, 2, 
2024/9/6, 39, 16, 34, 3, 2, 
2024/9/7, 34, 11, 32, 4, 2, 
2024/9/8, 24, 15, 35, 5, 2, 
2024/9/9, 26, 19, 37, 4, 2, 
2024/9/10, 37, 21, 35, 3, 2, 
2024/9/11, 39, 34, 39, 4, 2, 
2024/9/12, 36, 9, 29, 2, 2, 
2024/9/13, 15, 10, 35, 2, 2, 
2024/9/14, 24, 10, 37, 4, 2, 
2024/9/15, 24, 24, 32, 9, 2, 
2024/9/16, 28, 18, 33, 4, 2, 
2024/9/17, 29, 15, 35, 5, 3, 
2024/9/18, 26, 8, 25, 7, 3, 
2024/9/19, 26, 11, 31, 6, 3, 
2024/9/20, 35, 8, 33, 2, 3, 
2024/9/21, 29, 11, 31, 2, 3, 
2024/9/22, 43, 24, 30, 8, 3, 
2024/9/23, 62, 32, 29, 9, 3, 
2024/9/24, 62, 23, 25, 7, 3, 
2024/9/25, 28, , , 5, , 
2024/9/27, 23, 6, 31, 4, 3, 
2024/9/28, 10, 9, 31, 2, 3, 
2024/9/29, 18, 12, 26, 12, 3, 
2024/9/30, 29, 16, 32, 5, 3, 
2024/4/1, 9, 12, 34, 7, 1, 
2024/4/2, 24, 15, 30, 10, 1, 
2024/4/3, 31, 23, 34, 12, 1, 
2024/4/4, 45, 28, 42, 10, 1, 
2024/4/5, 66, 25, 46, 6, 1, 
2024/4/6, 71, 34, 42, 3, 1, 
2024/4/7, 84, 35, 33, 6, 1, 
2024/4/8, 55, 21, 34, 4, 1, 
2024/4/9, 20, 32, 38, 8, 1, 
2024/4/10, 35, 28, 38, 11, 1, 
2024/4/11, 43, 30, 35, 12, 1, 
2024/4/12, 38, 24, 39, 13, 1, 
2024/4/13, 47, 22, 44, 6, 1, 
2024/4/14, 47, 46, 36, 19, 2, 
2024/4/15, 86, 36, 34, 10, 1, 
2024/4/16, 58, 29, 36, 5, 1, 
2024/4/17, 45, 24, 35, 7, 1, 
2024/4/18, 43, 22, 37, 6, 1, 
2024/4/19, 41, 13, 43, 5, 1, 
2024/4/20, 35, 10, 45, 2, 1, 
2024/4/21, 30, 17, 39, 2, 1, 
2024/4/22, 37, 25, 40, 4, 1, 
2024/4/23, 30, 38, 42, 4, 1, 
2024/4/24, 36, 21, 41, 6, 1, 
2024/4/25, 37, 28, 44, 4, 1, 
2024/4/26, 63, 19, 37, 5, 1, 
2024/4/27, 48, 9, 42, 3, 1, 
2024/4/28, 24, 11, 32, 8, 1, 
2024/4/29, 43, 15, 31, 7, 1, 
2024/4/30, 34, 6, 37, 1, 1, 
2024/5/1, 14, 13, 35, 4, 1, 
2024/5/2, 13, 26, 38, 8, 1, 
2024/5/3, 27, 16, 41, 8, 1, 
2024/5/4, 42, 17, 38, 6, 1, 
2024/5/5, 42, 19, 37, 5, 1, 
2024/5/6, 28, 16, 36, 6, 1, 
2024/5/7, 33, 23, 37, 5, 1, 
2024/5/8, 28, 28, 37, 7, 1, 
2024/5/9, 37, 26, 39, 10, 1, 
2024/5/10, 40, 10, 42, 4, 1, 
2024/5/11, 31, 11, 46, 2, 1, 
2024/5/12, 39, 18, 46, 5, 1, 
2024/5/13, 38, 18, 33, 6, 2, 
2024/5/14, 42, 17, 36, 4, 1, 
2024/5/15, 35, 37, 33, 6, 1, 
2024/5/16, 38, 36, 39, 9, 1, 
2024/5/17, 37, 16, 42, 1, 1, 
2024/5/18, 46, 15, 37, 1, 1, 
2024/5/19, 49, 19, 37, 2, 1, 
2024/5/20, 39, 23, 39, 5, 2, 
2024/5/21, 45, 22, 45, 5, 1, 
2024/5/22, 33, 21, 39, 2, 2, 
2024/5/23, 39, 21, 35, 2, 2, 
2024/5/24, 49, 11, 36, 1, 2, 
2024/5/25, 38, , 38, 1, 2, 
2024/5/27, 52, 16, 32, 2, 1, 
2024/5/28, 40, 25, 33, 7, 2, 
2024/5/29, 52, 25, 37, 5, 1, 
2024/5/30, 48, 14, 31, 4, 2, 
2024/5/31, 40, 11, 38, 2, 2, 
2024/6/1, 38, 11, 38, 2, 2, 
2024/6/2, 34, 15, 34, 3, 2, 
2024/6/3, 38, 20, 31, 7, 2, 
2024/6/4, 39, 19, 36, 4, 2, 
2024/6/5, 44, 20, 34, 4, 2, 
2024/6/6, 47, 29, 40, 7, 2, 
2024/6/7, 42, 26, 43, 2, 2, 
2024/6/8, 49, 12, 38, 2, 2, 
2024/6/9, 35, 16, 27, 6, 2, 
2024/6/10, 42, 15, 26, 4, 2, 
2024/6/11, 51, 13, 18, 5, 3, 
2024/6/12, 45, 13, 34, 4, 2, 
2024/6/13, 42, 22, 34, 7, 2, 
2024/6/14, 57, 16, 35, 4, 2, 
2024/6/15, 47, 13, 29, , 2, 
2024/6/16, 44, 20, 30, 2, 2, 
2024/6/17, 58, 25, 31, 2, 2, 
2024/6/18, 69, 26, 25, 6, 2, 
2024/6/19, 40, 20, 31, 3, 2, 
2024/6/20, 27, 16, 34, 4, 2, 
2024/6/21, 26, 10, 39, 4, 2, 
2024/6/22, 24, 9, 29, 2, 2, 
2024/6/23, 29, 10, 26, 2, 2, 
2024/6/24, 31, 12, 27, 3, 2, 
2024/6/25, 32, 8, 36, 2, 2, 
2024/6/26, 24, 13, 37, 2, 2, 
2024/6/27, 31, 16, 34, 2, 2, 
2024/6/28, 49, 9, 31, 1, 2, 
2024/6/29, 24, 14, 37, 2, 2, 
2024/6/30, 46, 10, 36, 2, 2, 
2024/1/1, 34, 22, 31, 9, 1, 
2024/1/2, 33, 23, 23, 7, 1, 
2024/1/3, 31, 21, 15, 12, 1, 
2024/1/4, 47, 14, 29, 5, 1, 
2024/1/5, 20, 17, 30, 1, , 
2024/1/6, 16, 5, 31, 2, 1, 
2024/1/7, 9, 37, 30, 8, 1, 
2024/1/8, 29, 30, 20, 15, 1, 
2024/1/9, 45, 36, 21, 11, 1, 
2024/1/10, 58, 23, 16, 10, 1, 
2024/1/11, 42, 36, 20, 12, 1, 
2024/1/12, 54, 30, 15, 15, 2, 
2024/1/13, 81, 30, 24, 3, 1, 
2024/1/14, 48, 30, 22, 5, 1, 
2024/1/15, 37, 40, 30, 8, 1, 
2024/1/16, 40, 55, 34, 6, 1, 
2024/1/17, 54, 26, 31, 4, 1, 
2024/1/18, 26, 8, 23, 8, 1, 
2024/1/19, 26, 7, 21, 5, 1, 
2024/1/20, 26, 16, 25, 6, 1, 
2024/1/21, 54, 22, 13, 14, 2, 
2024/1/22, 61, 20, 15, 14, 2, 
2024/1/23, 52, 30, 12, 19, 2, 
2024/1/24, 73, 42, 12, 20, 2, 
2024/1/25, 100, 35, 19, 16, 2, 
2024/1/26, 75, 30, 21, 13, 1, 
2024/1/27, 88, 35, 30, 7, 1, 
2024/1/28, 103, 31, 20, 8, 1, 
2024/1/29, 77, 41, 15, 14, 1, 
2024/1/30, 86, 38, 16, 16, 1, 
2024/1/31, 83, 41, 17, 15, 2, 
2024/2/1, 86, 38, 17, 14, 1, 
2024/2/2, 77, 28, 22, 12, 1, 
2024/2/3, 76, 23, 23, 12, 1, 
2024/2/4, 70, 36, 26, 17, 2, 
2024/2/5, 74, 39, 15, 20, 2, 
2024/2/6, 81, 56, 21, 9, 1, 
2024/2/7, 69, 44, 29, 8, 1, 
2024/2/8, 57, 21, 27, 12, 1, 
2024/2/9, 49, 3, 32, 1, 1, 
2024/2/10, 6, 4, 28, 2, , 
2024/2/11, 15, 18, 28, 8, 1, 
2024/2/12, 23, 20, 23, 7, 1, 
2024/2/13, 27, 37, 9, 21, 2, 
2024/2/14, 66, 34, 29, 11, 1, 
2024/2/15, 71, 23, 17, 16, 1, 
2024/2/16, 73, 8, 28, 9, 1, 
2024/2/17, 23, 10, 30, 7, 1, 
2024/2/18, 36, 22, 22, 16, 1, 
2024/2/19, 45, 25, 25, 15, 1, 
2024/2/20, 47, 36, 27, 16, 1, 
2024/2/21, 73, 38, 14, 15, 1, 
2024/2/22, 87, 49, 31, 4, 1, 
2024/2/23, 29, 6, 33, 2, 1, 
2024/2/24, 10, 17, 29, , 1, 
2024/2/25, 20, 14, 26, 8, 1, 
2024/2/26, 18, 37, 36, 1, , 
2024/2/27, 25, 33, 31, 13, 1, 
2024/2/28, 30, 37, 42, 10, 1, 
2024/2/29, 33, 33, 33, 4, 1, 
2024/3/1, 26, 26, 52, 1, , 
2024/3/2, 32, 8, 40, , 1, 
2024/3/3, 10, 24, 26, 7, , 
2024/3/4, 24, 21, 33, 8, 1, 
2024/3/5, 31, 23, 34, 8, 1, 
2024/3/6, 44, 21, 30, 7, , 
2024/3/7, 52, 32, 27, 8, , 
2024/3/8, 26, 7, 31, 8, , 
2024/3/9, 21, , , , , 
2024/3/19, 127, 38, 42, 4, , 
2024/3/20, 99, 30, 35, 8, 1, 
2024/3/21, 77, 46, 25, 14, 2, 
2024/3/22, 84, 37, 30, 11, 1, 
2024/3/23, 67, 24, 35, 5, 1, 
2024/3/24, 64, 16, 24, 7, 1, 
2024/3/25, 55, 17, 28, 5, 1, 
2024/3/26, 27, 25, 31, 4, 1, 
2024/3/27, 21, 11, 34, 6, 1, 
2024/3/28, 20, 10, 32, 4, 1, 
2024/3/29, 23, 4, 36, 3, , 
2024/3/30, 15, 2, 41, 1, , 
2024/3/31, 12, 3, 36, 1, 1, 
2023/10/1, 46, 23, 31, 5, , 
2023/10/2, 53, 23, 30, 5, , 
2023/10/3, 60, 25, 29, 5, 1, 
2023/10/4, 63, 30, 26, 7, 1, 
2023/10/5, 68, 29, 25, 7, , 
2023/10/6, 69, 23, 30, 2, 1, 
2023/10/7, 66, 23, 28, 4, 1, 
2023/10/8, 66, 19, 30, 4, 1, 
2023/10/9, 58, 23, 28, 6, 1, 
2023/10/10, 56, 26, 29, 6, 1, 
2023/10/11, 61, 21, 33, 3, 1, 
2023/10/12, 63, 25, 28, 8, 1, 
2023/10/13, 65, 27, 21, 6, 1, 
2023/10/14, 62, 21, 28, 4, 1, 
2023/10/15, 58, 27, 34, 6, 1, 
2023/10/16, 55, 30, 28, 5, 1, 
2023/10/17, 69, 33, 22, 5, 1, 
2023/10/18, 46, 28, 28, 6, 1, 
2023/10/19, 30, 22, 26, 3, 1, 
2023/10/20, 24, 7, 21, 4, 1, 
2023/10/21, 18, 9, 28, 4, 1, 
2023/10/22, 22, 17, 23, 7, 1, 
2023/10/23, 29, 14, 22, 5, 1, 
2023/10/24, 17, 18, 20, 4, 1, 
2023/10/25, 21, 26, 25, 3, 1, 
2023/10/26, 31, 25, 23, 6, 1, 
2023/10/27, 29, 8, 24, 3, 1, 
2023/10/28, 20, 9, 26, 4, , 
2023/10/29, 26, 25, 22, 7, 1, 
2023/10/30, 28, 29, 16, 12, 1, 
2023/10/31, 46, 17, 26, 5, , 
2023/11/1, 30, 48, 31, 2, 1, 
2023/11/2, 37, 18, 31, 2, 1, 
2023/11/3, 20, 12, 37, 1, 1, 
2023/11/4, 20, 9, 35, 4, 1, 
2023/11/5, 27, 24, 26, 8, 1, 
2023/11/6, 30, 23, 25, 8, 1, 
2023/11/7, 30, 29, 21, 11, 1, 
2023/11/8, 36, 27, 28, 9, , 
2023/11/9, 29, 24, 28, 4, , 
2023/11/10, 30, 15, 27, 1, , 
2023/11/11, 22, 6, 28, 4, , 
2023/11/12, 17, 20, 17, 9, 1, 
2023/11/13, 24, 23, 15, 10, 1, 
2023/11/14, 28, 28, 19, 11, 1, 
2023/11/15, 39, 35, 17, 15, 1, 
2023/11/16, 66, 35, 18, 14, 1, 
2023/11/17, 59, 22, 29, 7, 1, 
2023/11/18, 64, 28, 21, 9, 1, 
2023/11/19, 76, 44, 20, 13, 1, 
2023/11/20, 101, 41, 25, 5, 1, 
2023/11/21, 52, 9, 24, 6, 1, 
2023/11/22, 13, , 22, 12, 1, 
2023/11/28, 8, 38, 25, 6, 2, 
2023/11/29, 34, 35, 24, 5, 3, 
2023/11/30, 27, 40, 27, 8, 3, 
2023/12/1, 33, 9, 25, 5, 3, 
2023/12/2, 18, 10, 22, 8, 3, 
2023/12/3, 28, 21, 22, 9, 3, 
2023/12/4, 31, 25, 23, 12, 3, 
2023/12/5, 34, 13, 29, 7, 3, 
2023/12/6, 45, 16, 22, 9, 3, 
2023/12/7, 48, 3, 31, 1, 3, 
2023/12/8, 8, 6, 23, 6, 3, 
2023/12/9, 16, 3, 21, 2, 3, 
2023/12/10, 9, 23, 15, 12, 4, 
2023/12/11, 29, 10, 12, 14, 3, 
2023/12/12, 22, 34, 17, 12, 3, 
2023/12/13, 26, 47, 24, 8, 1, 
2023/12/14, 30, 43, 18, 20, 2, 
2023/12/15, 49, 12, 24, 12, 1, 
2023/12/16, 33, 12, 29, 6, 1, 
2023/12/17, 40, 40, 15, 16, 2, 
2023/12/18, 66, 48, 12, 19, 2, 
2023/12/19, 62, 47, 26, 10, 1, 
2023/12/20, 49, 32, 16, 17, 1, 
2023/12/21, 44, 31, 16, 16, 1, 
2023/12/22, 37, 13, 25, 14, 1, 
2023/12/23, 35, 19, 21, 11, 1, 
2023/12/24, 57, 18, 20, 11, 1, 
2023/12/25, 57, 33, 12, 17, 2, 
2023/12/26, 65, 40, 15, 20, 2, 
2023/12/27, 78, 43, 16, 18, 2, 
2023/12/28, 91, 60, 6, 22, 2, 
2023/12/29, 135, 41, 17, 17, 1, 
2023/12/30, 105, 31, 27, 4, 1, 
2023/12/31, 58, 10, 22, 8, , 
2023/7/3, 50, 14, 27, 3, 3, 
2023/7/4, 48, 13, 28, 1, 3, 
2023/7/5, 43, 15, 29, 2, 3, 
2023/7/6, 48, 13, 32, 3, 1, 
2023/7/7, 42, 18, 41, 3, 1, 
2023/7/8, 54, 24, 46, 1, 1, 
2023/7/9, 64, 29, 44, 2, 2, 
2023/7/10, 68, 40, 38, 4, 2, 
2023/7/11, 83, 37, 28, 1, 2, 
2023/7/12, 84, 27, 39, 1, 2, 
2023/7/13, 66, 22, 28, 2, 1, 
2023/7/14, 55, 25, 30, 2, 2, 
2023/7/15, 64, 25, 28, 1, 1, 
2023/7/16, 64, 22, 24, 1, 1, 
2023/7/17, 60, 28, 30, 4, 2, 
2023/7/18, 70, 32, 29, 4, 2, 
2023/7/19, 72, 28, 31, 3, 1, 
2023/7/20, 71, 27, 30, 4, 2, 
2023/7/21, 66, 22, 32, 1, 2, 
2023/7/22, 60, 25, 25, 1, 2, 
2023/7/23, 63, 30, 35, 5, 2, 
2023/7/24, 63, 18, 29, 3, 2, 
2023/7/25, 42, 15, 26, 2, 2, 
2023/7/26, 35, 19, 27, 2, 1, 
2023/7/27, 44, 19, 31, 1, 2, 
2023/7/28, 52, 15, 29, 1, 2, 
2023/7/29, 44, 18, 30, 1, 2, 
2023/7/30, 50, 21, 27, 2, 2, 
2023/7/31, 55, 21, 27, 3, 2, 
2023/8/1, 55, 27, 42, 7, 2, 
2023/8/2, 56, 22, 26, 2, 2, 
2023/8/3, 50, 14, 22, 3, 2, 
2023/8/4, 21, 14, 31, 3, 2, 
2023/8/5, 22, 11, 26, 2, 2, 
2023/8/6, 23, 16, 27, 2, 2, 
2023/8/7, 37, 16, 25, 1, 2, 
2023/8/8, 42, 15, 28, 4, 2, 
2023/8/9, 40, 29, 37, 3, 2, 
2023/8/10, 53, 17, 30, 4, 2, 
2023/8/11, 48, 19, 34, 2, 2, 
2023/8/12, 57, 15, 31, 1, 2, 
2023/8/13, 49, 12, 29, 1, 2, 
2023/8/14, 38, 14, 33, 1, 2, 
2023/8/15, 44, 17, 32, 2, 2, 
2023/8/16, 50, 22, 31, 1, 2, 
2023/8/17, 59, 28, 28, 5, 3, 
2023/8/18, 68, 22, 31, 3, 2, 
2023/8/19, 64, 16, 29, 1, 2, 
2023/8/20, 54, 23, 22, 6, 2, 
2023/8/21, 56, 27, 28, 8, 2, 
2023/8/22, 55, 30, 29, 8, 2, 
2023/8/23, 56, 29, 30, 7, 2, 
2023/8/24, 57, 29, 38, 7, 2, 
2023/8/25, 62, 24, 30, 2, 2, 
2023/8/26, 67, 12, 21, 1, 2, 
2023/8/27, 35, 5, 20, 5, 2, 
2023/8/28, 11, 7, 24, 4, 2, 
2023/8/29, 14, 10, 24, 3, 2, 
2023/8/30, 21, 11, 28, 2, 2, 
2023/8/31, 25, 13, 28, 3, 2, 
2023/9/1, 32, 11, 28, 2, 2, 
2023/9/2, 30, 31, 29, 1, 2, 
2023/9/3, 64, 27, 28, 1, 2, 
2023/9/4, 63, 35, 28, 2, 2, 
2023/9/5, 78, 15, 29, 2, 2, 
2023/9/6, 47, 17, 31, 3, 2, 
2023/9/7, 52, 17, 29, 7, 2, 
2023/9/8, 52, 15, 27, 3, 2, 
2023/9/9, 49, 14, 32, 2, 2, 
2023/9/10, 50, 17, 30, 3, 2, 
2023/9/11, 55, 34, 29, 4, 2, 
2023/9/12, 77, 81, 28, 3, 2, 
2023/9/13, 124, 13, 28, 3, 2, 
2023/9/14, 38, 19, 25, 5, 2, 
2023/9/15, 54, 18, 29, 2, 2, 
2023/9/16, 47, 30, 26, 2, 2, 
2023/9/17, 67, 13, 20, 7, 1, 
2023/9/18, 28, 17, 32, 6, , 
2023/9/19, 37, 10, 22, 7, 1, 
2023/9/20, 24, 15, 23, 7, 1, 
2023/9/21, 31, 11, 21, 5, 1, 
2023/9/22, 21, 7, 26, 2, , 
2023/9/23, 19, 8, 30, 2, , 
2023/9/24, 23, 12, 26, 5, 1, 
2023/9/25, 31, 11, 29, 4, 1, 
2023/9/26, 31, 16, 29, 4, 1, 
2023/9/27, 43, 17, 23, 8, 1, 
2023/9/28, 43, 18, 28, 7, 1, 
2023/9/29, 44, 20, 26, 10, 1, 
2023/9/30, 50, 17, 29, 6, , 
2023/4/1, 41, 35, 36, , 1, 
2023/4/2, 23, 29, 37, 7, 1, 
2023/4/3, 28, 21, 37, 6, 5, 
2023/4/4, 31, 29, 37, 4, 4, 
2023/4/5, 43, 19, 40, 6, 1, 
2023/4/6, 44, 14, 42, 1, 1, 
2023/4/7, 36, 20, 45, 9, 1, 
2023/4/8, 51, 16, 44, 2, 1, 
2023/4/9, 52, 26, 42, 4, 1, 
2023/4/10, 75, 33, 40, 5, 1, 
2023/4/11, 83, 41, 34, 5, 1, 
2023/4/12, 53, 19, 37, 4, 1, 
2023/4/13, 28, 20, 30, 7, 1, 
2023/4/14, 27, 18, 36, 3, 1, 
2023/4/15, 25, 30, 37, , 1, 
2023/4/16, 28, 10, 41, 3, 1, 
2023/4/17, 26, 21, 41, 4, 1, 
2023/4/18, 47, 24, 39, 5, 1, 
2023/4/19, 43, 34, 42, 12, 2, 
2023/4/20, 54, 33, 47, 6, 1, 
2023/4/21, 65, 30, 50, 3, 1, 
2023/4/22, 75, 20, 40, 4, 2, 
2023/4/23, 57, 24, 35, 6, 2, 
2023/4/24, 54, 26, 43, 8, 2, 
2023/4/25, 47, 33, 39, 3, 2, 
2023/4/26, 72, 34, 35, 6, 2, 
2023/4/27, 73, 29, 34, 5, 2, 
2023/4/28, 63, 21, 36, 6, 2, 
2023/4/29, 52, 13, 36, 2, 3, 
2023/4/30, 40, 14, 35, 1, 2, 
2023/5/1, 48, 26, 34, 6, 3, 
2023/5/2, 43, 29, 37, 5, 2, 
2023/5/3, 44, 31, 39, 4, 2, 
2023/5/4, 47, 32, 42, 3, 1, 
2023/5/5, 68, 19, 38, 2, 1, 
2023/5/6, 53, 15, 37, 3, 1, 
2023/5/7, 46, 23, 35, 4, 1, 
2023/5/8, 53, 35, 39, 8, 1, 
2023/5/9, 59, 29, 37, 3, 1, 
2023/5/10, 45, 25, 39, 3, 1, 
2023/5/11, 37, 19, 33, 2, 1, 
2023/5/12, 27, 6, 34, 1, 1, 
2023/5/13, 16, 4, 37, 1, 1, 
2023/5/14, 13, 16, 33, 7, 1, 
2023/5/15, 44, 27, 37, 3, 1, 
2023/5/16, 26, 25, 38, 3, 1, 
2023/5/17, 40, 16, 37, 2, , 
2023/5/18, 42, 17, 37, 5, , 
2023/5/19, 45, 16, 43, 4, , 
2023/5/20, 49, 13, 50, 1, , 
2023/5/21, 46, 18, 41, 2, , 
2023/5/22, 50, 17, 42, 5, 1, 
2023/5/23, 54, 20, 35, 6, 1, 
2023/5/24, 63, 25, 41, 6, 1, 
2023/5/25, 68, 16, 33, 3, 1, 
2023/5/26, 54, 27, 31, 3, 1, 
2023/5/27, 76, 19, 38, 2, 1, 
2023/5/28, 61, 18, 37, 4, 2, 
2023/5/29, 55, 17, 38, 4, 1, 
2023/5/30, 52, 23, 37, 6, 1, 
2023/5/31, 52, 23, 46, 2, 1, 
2023/6/1, 66, 24, 41, 3, 1, 
2023/6/2, 70, 17, 40, 2, 1, 
2023/6/3, 59, 13, 38, 1, 1, 
2023/6/4, 47, 14, 37, 3, 2, 
2023/6/5, 43, 14, 35, 3, 2, 
2023/6/6, 40, 17, 29, 5, 2, 
2023/6/7, 44, 19, 31, 5, 2, 
2023/6/8, 53, 21, 27, 4, 2, 
2023/6/9, 38, 9, 32, 3, 2, 
2023/6/10, 28, 17, 33, 2, 2, 
2023/6/11, 55, 17, 31, 4, 2, 
2023/6/12, 53, 16, 37, 4, 2, 
2023/6/13, 46, 12, 35, 6, 2, 
2023/6/14, 28, 21, 43, 8, 2, 
2023/6/15, 48, 25, 45, 5, 2, 
2023/6/16, 59, 23, 49, 5, 2, 
2023/6/17, 56, 21, 52, 2, 2, 
2023/6/18, 59, 29, 53, 6, 2, 
2023/6/19, 65, 37, 45, 7, 2, 
2023/6/20, 75, 35, 37, 3, 2, 
2023/6/21, 75, 11, 45, 6, 2, 
2023/6/22, 26, 12, 36, 5, 2, 
2023/6/23, 32, 12, 37, 2, 2, 
2023/6/24, 35, 16, 41, 3, 2, 
2023/6/25, 46, 15, 42, 3, 2, 
2023/6/26, 44, 19, 37, 5, 2, 
2023/6/27, 51, 19, 42, 2, 2, 
2023/6/28, 57, 18, 21, 2, 2, 
2023/6/29, 59, , , , , 
2023/1/2, 43, 17, 12, 16, 1, 
2023/1/3, 47, 13, 13, 16, 1, 
2023/1/4, 33, 11, 14, 15, 1, 
2023/1/5, 29, 9, 15, 14, 1, 
2023/1/6, 28, 9, 23, 9, 1, 
2023/1/7, 23, 9, 28, 1, 1, 
2023/1/8, 8, 11, 23, 15, 1, 
2023/1/9, 13, 13, 16, 17, 1, 
2023/1/10, 15, 14, 9, 19, 1, 
2023/1/11, 22, 19, 16, 17, , 
2023/1/12, 19, 19, 13, 18, 1, 
2023/1/13, 25, 6, 19, 13, 1, 
2023/1/14, 11, 16, 22, 3, 1, 
2023/1/15, 18, 31, 27, 6, 1, 
2023/1/16, 27, 32, 31, 3, 1, 
2023/1/17, 26, 10, 28, 9, 1, 
2023/1/18, 10, 13, 28, 6, 1, 
2023/1/19, 14, 15, 25, 16, 1, 
2023/1/20, 21, 7, 31, 9, 1, 
2023/1/21, 12, 2, 31, 1, , 
2023/1/22, 5, 10, 23, 19, 1, 
2023/1/23, 14, 7, 24, 10, , 
2023/1/24, 12, 290, 23, 13, , 
2023/1/25, 283, 19, 21, 18, 2, 
2023/1/26, 20, 23, 21, 16, 2, 
2023/1/27, 24, 5, 28, 9, 1, 
2023/1/28, 13, 141, 24, 4, 1, 
2023/1/29, 211, 20, 23, 6, 1, 
2023/1/30, 68, , , , , 
2023/2/6, 64, 17, 27, 9, , 
2023/2/7, 47, 8, 26, 5, , 
2023/2/8, 29, 13, 37, 1, , 
2023/2/9, 46, 28, 27, 10, 1, 
2023/2/10, 64, , , , 1, 
2023/2/11, 53, , , , , 
2023/2/15, 93, 37, 26, 16, 1, 
2023/2/16, 91, 32, 28, 9, 1, 
2023/2/17, 79, 34, 22, 18, 1, 
2023/2/18, 86, 27, 20, 17, 1, 
2023/2/19, 81, 44, 18, 18, 1, 
2023/2/20, 105, 39, 7, 11, , 
2023/2/21, 96, 61, 24, 15, 2, 
2023/2/22, 148, 51, 4, 7, , 
2023/2/23, 139, , , , , 
2023/2/27, 20, 22, 31, 9, 2, 
2023/2/28, 34, 22, 30, 6, 2, 
2023/3/1, 45, 28, 31, 11, 2, 
2023/3/2, 63, 52, 35, 12, 2, 
2023/3/3, 73, 28, 35, 6, 1, 
2023/3/4, 78, 35, 18, 4, 1, 
2023/3/5, 96, , , , , 
2023/3/7, 13, 8, 15, 5, 1, 
2023/3/8, 15, 25, 24, 5, 1, 
2023/3/9, 36, 39, 25, 6, 1, 
2023/3/10, 38, 15, 25, 2, 1, 
2023/3/11, 30, 7, 19, 2, 1, 
2023/3/12, 16, 43, 26, 10, 1, 
2023/3/13, 50, 24, 20, 15, 1, 
2023/3/14, 45, 33, 34, 10, 1, 
2023/3/15, 50, 25, 38, 8, , 
2023/3/16, 66, 20, 38, 4, 1, 
2023/3/17, 58, 22, 40, 6, 1, 
2023/3/18, 48, 17, 32, 6, 1, 
2023/3/19, 48, 27, 15, 11, 1, 
2023/3/20, 58, 35, 35, 8, 1, 
2023/3/21, 70, 36, 37, 8, 1, 
2023/3/22, 89, 45, 36, 11, 1, 
2023/3/23, 94, 61, 27, 13, 1, 
2023/3/24, 76, 19, 42, 4, 1, 
2023/3/25, 51, , , , , 
2023/3/27, 30, 28, 36, 7, 1, 
2023/3/28, 42, 14, 35, 5, 1, 
2023/3/29, 36, 47, 32, 10, 1, 
2023/3/30, 54, 51, 35, 3, 1, 
2023/3/31, 45, 20, 36, 1, 1, 
2022/10/1, 11, 3, 32, 6, 1, 
2022/10/2, 8, 8, 24, 11, 1, 
2022/10/3, 12, 11, 27, 9, 6, 
2022/10/4, 26, 8, 28, 5, 1, 
2022/10/5, 14, 9, 28, 4, 1, 
2022/10/6, 19, 8, 29, 7, 1, 
2022/10/7, 24, 10, 29, 4, 1, 
2022/10/8, 29, 9, 30, 4, 1, 
2022/10/9, 29, 12, 24, 8, 1, 
2022/10/10, 36, 11, 23, 6, 1, 
2022/10/11, 34, 13, 32, 2, 1, 
2022/10/12, 39, 18, 24, 9, 1, 
2022/10/13, 41, 21, 24, 14, 1, 
2022/10/14, 41, 16, 31, 10, , 
2022/10/15, 46, 18, 29, 5, 1, 
2022/10/16, 52, 19, 25, 7, , 
2022/10/17, 51, 23, 18, 6, , 
2022/10/18, 60, 32, 22, 6, 1, 
2022/10/19, 70, 33, 16, 10, 1, 
2022/10/20, 73, 24, 17, 8, 1, 
2022/10/21, 44, 10, 16, 7, 1, 
2022/10/22, 36, 21, 16, 4, 1, 
2022/10/23, 55, 20, 9, 15, 1, 
2022/10/24, 36, 22, 13, 11, 1, 
2022/10/25, 44, 33, 9, 14, 1, 
2022/10/26, 67, 28, 19, 9, 1, 
2022/10/27, 61, 39, 22, 10, 1, 
2022/10/28, 75, 26, 24, 5, 1, 
2022/10/29, 66, 22, 23, 4, 1, 
2022/10/30, 61, 27, 16, 11, 1, 
2022/10/31, 67, 24, 17, 5, 1, 
2022/11/1, 56, 23, 16, 5, 2, 
2022/11/2, 53, 30, 13, 11, 2, 
2022/11/3, 42, 32, 13, 7, 1, 
2022/11/4, 23, 8, 13, 10, , 
2022/11/5, 13, 11, 13, 12, , 
2022/11/6, 18, 21, 14, 12, , 
2022/11/7, 28, 34, 8, 15, 1, 
2022/11/8, 43, 26, 9, 13, , 
2022/11/9, 24, 17, 22, 10, 1, 
2022/11/10, 17, 4, 16, 6, 1, 
2022/11/11, 11, , , , , 
2022/11/14, 34, 8, 19, 9, 5, 
2022/11/15, 13, 6, 21, 6, 5, 
2022/11/16, 8, 8, 17, 4, 5, 
2022/11/17, 8, 7, 17, 8, 4, 
2022/11/18, 10, 3, 22, 7, , 
2022/11/19, 9, 2, 20, 5, , 
2022/11/20, 9, 6, 25, 5, , 
2022/11/21, 8, 8, 20, 8, 1, 
2022/11/22, 11, 7, 16, 4, 1, 
2022/11/23, 8, 9, 14, 11, 2, 
2022/11/24, 12, 11, 19, 8, 1, 
2022/11/25, 12, 7, 15, 13, 1, 
2022/11/26, 18, 7, 16, 11, 1, 
2022/11/27, 19, 8, 17, 9, 1, 
2022/11/28, 12, 10, 15, 10, 1, 
2022/11/29, 10, 12, 9, 19, 1, 
2022/11/30, 17, 5, 15, 7, 2, 
2022/12/1, 9, 5, 15, 6, 1, 
2022/12/2, 11, 6, 13, 10, 1, 
2022/12/3, 15, 6, 10, 11, 1, 
2022/12/4, 18, 6, 8, 10, , 
2022/12/5, 18, 19, 10, 12, 1, 
2022/12/6, 53, 26, 7, 14, 1, 
2022/12/7, 65, 26, 3, 10, 1, 
2022/12/8, 71, 11, 15, 16, 1, 
2022/12/9, 26, 2, 13, 5, 1, 
2022/12/10, 7, , , , , 
2022/12/12, 49, 7, 10, 11, 1, 
2022/12/13, 18, 11, 18, 16, 1, 
2022/12/14, 25, 8, 18, 12, 1, 
2022/12/15, 15, 11, 17, 14, 1, 
2022/12/16, 18, 11, 13, 12, 1, 
2022/12/17, 30, 12, 15, 8, 1, 
2022/12/18, 38, 16, 17, 15, 1, 
2022/12/19, 42, 24, 22, 16, 2, 
2022/12/20, 45, 15, 21, 7, 1, 
2022/12/21, 15, 16, 16, 12, , 
2022/12/22, 16, 7, 14, 14, 1, 
2022/12/23, 13, 7, 10, 10, 1, 
2022/12/24, 17, , , , , 
2022/12/26, 40, 15, 13, 17, 1, 
2022/12/27, 32, 21, 12, 19, 1, 
2022/12/28, 49, 13, 21, 13, 1, 
2022/12/29, 21, 12, 22, 8, , 
2022/12/30, 18, 11, 18, 14, , 
2022/12/31, 26, 13, 18, 12, , 
2023/1/1, 36, 18, 11, 16, 1, 
2022/7/1, 38, 9, 36, 3, 1, 
2022/7/2, 32, 9, 34, 5, 1, 
2022/7/3, 34, 13, 31, 8, 2, 
2022/7/4, 42, 22, 27, 3, 1, 
2022/7/5, 65, 19, 33, 4, 1, 
2022/7/6, 60, 10, 33, 6, 1, 
2022/7/7, 31, 14, 40, 10, 2, 
2022/7/8, 44, 11, 39, 4, 1, 
2022/7/9, 36, 8, 40, 3, 1, 
2022/7/10, 30, 14, 36, 8, 2, 
2022/7/11, 35, 10, 34, 9, 2, 
2022/7/12, 27, 17, 33, 13, 2, 
2022/7/13, 42, 12, 35, 8, 2, 
2022/7/14, 38, 15, 28, 12, 2, 
2022/7/15, 41, 14, 39, 11, 2, 
2022/7/16, 42, 14, 39, 6, 1, 
2022/7/17, 50, 19, 36, 13, 2, 
2022/7/18, 57, 17, 36, 6, 1, 
2022/7/19, 57, 15, 27, 2, 1, 
2022/7/20, 56, 20, 24, 5, 1, 
2022/7/21, 65, 20, 26, 9, 2, 
2022/7/22, 62, 20, 22, 2, 1, 
2022/7/23, 67, 21, 26, 2, 1, 
2022/7/24, 72, 24, 19, 7, 2, 
2022/7/25, 75, 21, 22, 4, 1, 
2022/7/26, 68, 22, 17, 3, 1, 
2022/7/27, 70, 22, 20, 3, 1, 
2022/7/28, 71, 20, 23, 3, 1, 
2022/7/29, 66, 19, 21, 1, 1, 
2022/7/30, 66, 32, 24, 1, 1, 
2022/7/31, 97, 23, 32, 4, 1, 
2022/8/1, 71, 17, 36, 7, 2, 
2022/8/2, 52, 14, 36, 4, 1, 
2022/8/3, 46, 12, 35, 3, 1, 
2022/8/4, 38, 11, 31, 4, 1, 
2022/8/5, 35, 12, 31, 2, 1, 
2022/8/6, 47, 16, 32, 2, 1, 
2022/8/7, 55, 18, 34, 3, 1, 
2022/8/8, 60, 17, 33, 3, 1, 
2022/8/9, 58, 16, 35, 4, 1, 
2022/8/10, 55, 12, 32, 6, 1, 
2022/8/11, 43, 17, 33, 8, 2, 
2022/8/12, 51, 41, 29, 4, 1, 
2022/8/13, 52, 18, 28, 5, 1, 
2022/8/14, 42, 20, 35, 5, 2, 
2022/8/15, 60, 25, 37, 3, 1, 
2022/8/16, 72, 24, 35, 6, 1, 
2022/8/17, 67, 19, 35, 6, 1, 
2022/8/18, 52, 10, 16, 9, 2, 
2022/8/19, 41, , , , , 
2022/8/22, 23, 11, 23, 3, 1, 
2022/8/23, 40, 12, 24, 1, 1, 
2022/8/24, 42, 15, 23, 3, 1, 
2022/8/25, 52, 10, 26, 4, 1, 
2022/8/26, 37, 7, 31, 4, 1, 
2022/8/27, 33, 12, 32, 2, 1, 
2022/8/28, 46, 15, 31, 5, 1, 
2022/8/29, 53, 24, 27, 3, 1, 
2022/8/30, 72, 20, 26, 7, 1, 
2022/8/31, 50, 20, 26, 5, 1, 
2022/9/1, 61, 20, 28, 8, 2, 
2022/9/2, 51, 16, 31, 7, 1, 
2022/9/3, 51, 14, 30, 2, 1, 
2022/9/4, 50, 16, 27, 5, 1, 
2022/9/5, 55, 18, 27, 9, 2, 
2022/9/6, 47, 17, 30, 14, 3, 
2022/9/7, 37, 14, 29, 12, 2, 
2022/9/8, 28, 9, 32, 9, 1, 
2022/9/9, 20, 6, 29, 2, , 
2022/9/12, 30, 8, 8, 8, , 
2022/9/13, 29, 6, 15, 8, 1, 
2022/9/14, 26, 8, 29, 9, 1, 
2022/9/15, 16, 5, 31, 8, 1, 
2022/9/16, 13, 5, 33, 3, 1, 
2022/9/17, 21, 6, 32, 3, 1, 
2022/9/18, 29, , , , , 
2022/9/20, 22, 7, 26, 7, 1, 
2022/9/21, 26, 7, 28, 7, 1, 
2022/9/22, 25, 9, 26, 7, 1, 
2022/9/23, 36, 8, 28, 5, 1, 
2022/9/24, 37, 2, 26, 1, , 
2022/9/25, 13, 3, 22, 5, 1, 
2022/9/26, 13, 5, 22, 8, 1, 
2022/9/27, 12, 9, 21, 9, 1, 
2022/9/28, 9, 8, 23, 8, 1, 
2022/9/29, 9, 11, 26, 6, 1, 
2022/9/30, 13, 4, 29, 8, 1, 
2022/4/1, 15, 4, 39, 7, 2, 
2022/4/2, 10, 2, 39, 4, 1, 
2022/4/3, 8, 6, 36, 5, 1, 
2022/4/4, 22, 7, 38, 7, 2, 
2022/4/5, 28, 7, 34, 9, 2, 
2022/4/6, 23, 14, 29, 9, 2, 
2022/4/7, 27, 12, 26, 9, 2, 
2022/4/8, 19, 4, 32, 3, 1, 
2022/4/9, 12, 6, 35, 4, 1, 
2022/4/10, 24, 8, 36, 7, 2, 
2022/4/11, 30, 10, 35, 13, 2, 
2022/4/12, 40, 7, 38, 10, 2, 
2022/4/13, 29, 4, 43, 4, 1, 
2022/4/14, 16, 6, 45, 4, 2, 
2022/4/15, 24, 11, 39, 10, 2, 
2022/4/16, 41, 9, 44, 5, 1, 
2022/4/17, 35, 12, 49, 4, 1, 
2022/4/18, 48, 11, 41, 5, 1, 
2022/4/19, 47, 6, 31, 10, 2, 
2022/4/20, 28, 2, 32, 9, 2, 
2022/4/21, 21, 5, 28, 14, 2, 
2022/4/22, 16, 3, 34, 3, 1, 
2022/4/23, 9, 1, 36, 4, 2, 
2022/4/24, 11, 2, 39, 8, 2, 
2022/4/25, 11, 4, 32, 11, 2, 
2022/4/26, 11, 7, 21, 20, 3, 
2022/4/27, 28, 11, 33, 10, 2, 
2022/4/28, 42, 11, 36, 10, 2, 
2022/4/29, 37, 14, 38, 9, 2, 
2022/4/30, 46, 13, 39, 5, 1, 
2022/5/1, 45, 18, 43, 8, 2, 
2022/5/2, 60, 7, 37, 8, 2, 
2022/5/3, 29, 13, 39, 7, 2, 
2022/5/4, 51, 14, 30, 7, 2, 
2022/5/5, 40, 13, 30, 12, 2, 
2022/5/6, 39, 10, 36, 7, 2, 
2022/5/7, 33, 9, 44, 4, 1, 
2022/5/8, 35, 19, 39, 9, 2, 
2022/5/9, 47, 22, 41, 11, 2, 
2022/5/10, 45, 26, 35, 14, 3, 
2022/5/11, 56, 17, 34, 8, 2, 
2022/5/12, 48, 21, 33, 10, 2, 
2022/5/13, 53, 16, 38, 9, 2, 
2022/5/14, 50, 13, 43, 5, 1, 
2022/5/15, 40, 25, 30, 14, 3, 
2022/5/16, 61, 26, 35, 15, 3, 
2022/5/17, 58, 27, 31, 9, 2, 
2022/5/18, 75, 27, 31, 5, 1, 
2022/5/19, 70, 18, 35, 8, 2, 
2022/5/20, 49, 14, 32, 10, 2, 
2022/5/21, 44, 14, 42, 8, 1, 
2022/5/22, 44, 26, 35, 8, 2, 
2022/5/23, 45, 17, 33, 5, 2, 
2022/5/24, 42, 4, 29, 6, 2, 
2022/5/25, 7, 16, 31, 8, 2, 
2022/5/26, 19, 13, 32, 13, 2, 
2022/5/27, 23, 14, 37, 9, 2, 
2022/5/28, 33, 11, 43, 4, 1, 
2022/5/29, 29, 16, 25, 12, 2, 
2022/5/30, 46, 18, 36, 9, 2, 
2022/5/31, 58, 22, 33, 9, 2, 
2022/6/1, 65, 19, 30, 5, 1, 
2022/6/2, 63, 17, 32, 4, 1, 
2022/6/3, 57, 14, 31, 4, 1, 
2022/6/4, 52, 13, 34, 5, 1, 
2022/6/5, 33, 12, 34, 6, 1, 
2022/6/6, 36, 15, 30, 7, 2, 
2022/6/7, 51, 19, 40, 7, 2, 
2022/6/8, 61, 18, 22, 8, 1, 
2022/6/9, 48, 11, 24, 7, 1, 
2022/6/10, 37, 6, 27, 6, 1, 
2022/6/11, 19, 5, 32, 7, 2, 
2022/6/12, 14, 13, 32, 13, 2, 
2022/6/13, 26, 9, 31, 9, 2, 
2022/6/14, 26, 11, 37, 9, 2, 
2022/6/15, 30, 11, 31, 12, 2, 
2022/6/16, 30, 17, 30, 13, 2, 
2022/6/17, 32, 17, 38, 9, 2, 
2022/6/18, 42, 21, 38, 1, 1, 
2022/6/19, 61, 32, 32, 4, 1, 
2022/6/20, 77, 30, 25, 8, 2, 
2022/6/21, 69, 22, 33, 8, 2, 
2022/6/22, 39, 15, 30, 10, 2, 
2022/6/23, 23, 8, 35, 4, 1, 
2022/6/24, 15, 9, 38, 3, 1, 
2022/6/25, 28, 11, 35, 1, 1, 
2022/6/26, 44, 12, 26, 4, 1, 
2022/6/27, 41, 9, 30, 6, 1, 
2022/6/28, 29, 11, 28, 6, 1, 
2022/6/29, 40, 10, 33, 3, 1, 
2022/6/30, 36, 10, 26, 4, 1, 
2022/1/3, 86, 17, 29, 14, 1, 
2022/1/4, 34, 8, 29, 6, 1, 
2022/1/5, 10, 6, 29, 10, 1, 
2022/1/6, 22, 9, 32, 12, 2, 
2022/1/7, 18, 5, 24, 12, 2, 
2022/1/8, 13, 7, 24, 3, 1, 
2022/1/9, 13, 15, 25, 7, 1, 
2022/1/10, 16, 9, 23, 17, 2, 
2022/1/11, 30, 10, 21, 15, 1, 
2022/1/12, 30, 11, 25, 13, 1, 
2022/1/13, 35, 12, 23, 12, 2, 
2022/1/14, 39, 9, 27, 12, 2, 
2022/1/15, 34, 11, 25, 12, 2, 
2022/1/16, 42, 21, 20, 22, 3, 
2022/1/17, 55, 27, 20, 29, 4, 
2022/1/18, 68, 24, 25, 17, 2, 
2022/1/19, 58, 24, 23, 19, 2, 
2022/1/20, 66, 17, 22, 17, 3, 
2022/1/21, 44, 16, 25, 16, 1, 
2022/1/22, 52, 14, 24, 8, 1, 
2022/1/23, 56, 12, 23, 13, 1, 
2022/1/24, 46, 11, 27, 15, , 
2022/1/25, 43, 14, 24, 15, 2, 
2022/1/26, 46, 16, 18, 22, 3, 
2022/1/27, 40, 15, 18, 23, 2, 
2022/1/28, 34, 27, , 28, 2, 
2022/1/29, 82, 14, 22, 20, 2, 
2022/1/30, 48, 23, 28, 23, 2, 
2022/1/31, 37, 18, 23, 25, 1, 
2022/2/1, 26, 20, 14, 25, 2, 
2022/2/2, 41, 26, 14, 25, 2, 
2022/2/3, 66, 31, 18, 23, 3, 
2022/2/4, 87, 17, 8, 23, 1, 
2022/2/5, 59, 14, 26, 9, 1, 
2022/2/6, 51, 18, 18, 20, 2, 
2022/2/7, 50, 16, 22, 20, 1, 
2022/2/8, 48, 15, 29, 15, 1, 
2022/2/9, 48, 16, 28, 16, , 
2022/2/10, 47, 30, 26, 21, 1, 
2022/2/11, 74, 20, 35, 16, 1, 
2022/2/12, 64, 20, 29, 13, 1, 
2022/2/13, 64, 11, 29, 10, 1, 
2022/2/14, 22, 12, 26, 11, 2, 
2022/2/15, 12, 16, 23, 15, 1, 
2022/2/16, 23, 16, 23, 16, 1, 
2022/2/17, 27, 25, 26, 20, 1, 
2022/2/18, 52, 12, 27, 9, 2, 
2022/2/19, 39, 5, 30, 6, 2, 
2022/2/20, 20, 16, 28, 11, 2, 
2022/2/21, 22, 19, 27, 20, 1, 
2022/2/22, 33, 18, 25, 18, 1, 
2022/2/23, 43, 13, 24, 15, 1, 
2022/2/24, 41, 14, 13, 16, 2, 
2022/2/25, 56, , , , , 
2022/2/28, 36, 15, 26, 17, 2, 
2022/3/1, 45, 23, 32, 14, 2, 
2022/3/2, 59, 18, 23, 15, 2, 
2022/3/3, 56, 9, 26, 12, 2, 
2022/3/4, 33, 7, 30, 12, 2, 
2022/3/5, 23, 3, 31, 3, 2, 
2022/3/6, 16, 5, 22, 13, 2, 
2022/3/7, 23, 10, 21, 16, 2, 
2022/3/8, 38, 13, 25, 15, 3, 
2022/3/9, 47, 15, 34, 9, 3, 
2022/3/10, 51, 19, 29, 16, 2, 
2022/3/11, 63, 6, 32, 7, 1, 
2022/3/12, 18, 8, 31, 9, 3, 
2022/3/13, 35, 11, 37, 4, 2, 
2022/3/14, 40, 21, 37, 2, 2, 
2022/3/15, 67, 12, 35, 4, 3, 
2022/3/16, 45, 10, 34, 2, 2, 
2022/3/17, 40, 14, 31, 3, 2, 
2022/3/18, 47, 19, 33, 3, 2, 
2022/3/19, 66, 16, 36, 2, 2, 
2022/3/20, 57, 7, 39, 4, 3, 
2022/3/21, 31, 11, 41, 3, 2, 
2022/3/22, 46, 10, 42, 4, 3, 
2022/3/23, 44, 5, 44, 4, 3, 
2022/3/24, 25, 16, 42, 3, 2, 
2022/3/25, 60, 12, 44, 1, 2, 
2022/3/26, 51, 18, 41, 6, 3, 
2022/3/27, 59, 23, 39, 10, 4, 
2022/3/28, 63, 30, 38, 13, 5, 
2022/3/29, 70, 28, 32, 12, 5, 
2022/3/30, 70, 8, 32, 7, 4, 
2022/3/31, 23, 8, 35, 4, 3, 
2021/10/1, 71, 29, 36, 4, 1, 
2021/10/2, 84, 20, 26, 3, 1, 
2021/10/3, 53, 10, 16, 10, 1, 
2021/10/4, 14, 14, 27, 11, 1, 
2021/10/5, 17, 15, 29, 9, 2, 
2021/10/6, 27, 15, 34, 8, 1, 
2021/10/7, 30, 16, 32, 12, 2, 
2021/10/8, 39, 8, 21, 3, 2, 
2021/10/9, 30, 20, 24, 7, 2, 
2021/10/10, 68, 20, 31, 9, 2, 
2021/10/11, 52, 12, 35, 5, 1, 
2021/10/12, 45, 20, 35, 9, 1, 
2021/10/13, 43, 19, 33, 11, 2, 
2021/10/14, 50, 25, 30, 13, 2, 
2021/10/15, 54, 15, 38, 7, 1, 
2021/10/16, 48, 15, 32, 6, 1, 
2021/10/17, 54, 23, 31, 10, 2, 
2021/10/18, 62, 20, 35, 8, 2, 
2021/10/19, 51, 19, 34, 10, 2, 
2021/10/20, 50, 28, 27, 13, 3, 
2021/10/21, 52, 9, 19, 10, 2, 
2021/10/22, 24, 7, 26, 4, 2, 
2021/10/23, 19, 10, 30, 6, 2, 
2021/10/24, 32, 18, 29, 12, 2, 
2021/10/25, 49, 17, 35, 9, 1, 
2021/10/26, 50, 16, 30, 11, 1, 
2021/10/27, 43, 22, 31, 15, 2, 
2021/10/28, 62, 29, 24, 17, 3, 
2021/10/29, 66, 7, 17, 8, 2, 
2021/10/30, 30, 2, 18, 1, 2, 
2021/10/31, 9, 2, 25, 3, 2, 
2021/11/1, 11, 10, 26, 11, 1, 
2021/11/2, 15, 12, 26, 9, 1, 
2021/11/3, 9, 18, 25, 14, 1, 
2021/11/4, 20, 17, 26, 12, 2, 
2021/11/5, 16, 7, 28, 6, 1, 
2021/11/6, 14, 5, 28, 7, 1, 
2021/11/7, 10, 25, 22, 22, 1, 
2021/11/8, 30, 22, 26, 12, 1, 
2021/11/9, 31, 20, 23, 15, 1, 
2021/11/10, 36, 28, 23, 17, 1, 
2021/11/11, 42, 12, 14, 17, 1, 
2021/11/12, 35, 14, 14, 17, 1, 
2021/11/13, 50, 10, 27, 10, 1, 
2021/11/14, 36, 15, 24, 15, 1, 
2021/11/15, 20, 17, 25, 16, 1, 
2021/11/16, 25, 29, 22, 20, 1, 
2021/11/17, 41, 16, 19, 14, 1, 
2021/11/18, 37, 11, 22, 12, 1, 
2021/11/19, 42, 11, 26, 10, 1, 
2021/11/20, 43, 10, 18, 8, 1, 
2021/11/21, 38, 9, 23, 9, 1, 
2021/11/22, 31, 7, 20, 14, 1, 
2021/11/23, 19, 6, 19, 13, 2, 
2021/11/24, 15, 4, 17, 7, 1, 
2021/11/25, 8, 12, 20, 13, 2, 
2021/11/26, 18, 5, 25, 10, 1, 
2021/11/27, 9, 2, 24, 4, 1, 
2021/11/28, 8, 9, 21, 10, 1, 
2021/11/29, 12, 15, 18, 19, 2, 
2021/11/30, 30, 12, 1, 15, 2, 
2021/12/1, 35, 13, 28, 2, 1, 
2021/12/2, 8, 16, 23, 19, 1, 
2021/12/3, 18, 5, 22, 6, 1, 
2021/12/4, 13, 4, 29, 4, 1, 
2021/12/5, 10, 2, 27, 4, 1, 
2021/12/6, 7, 7, 26, 9, , 
2021/12/7, 15, 3, 30, 3, 1, 
2021/12/8, 7, 11, 22, 9, 1, 
2021/12/9, 12, 11, 21, 9, 1, 
2021/12/10, 12, 4, 27, 4, , 
2021/12/11, 8, 7, 22, 11, 1, 
2021/12/12, 21, 17, 11, 17, 2, 
2021/12/13, 46, 25, 14, 20, 2, 
2021/12/14, 67, 30, 14, 19, 1, 
2021/12/15, 74, 25, 16, 16, 1, 
2021/12/16, 67, 22, 14, 11, 1, 
2021/12/17, 62, 17, 15, 10, 1, 
2021/12/18, 61, 21, 17, 12, 1, 
2021/12/19, 72, 21, 14, 16, 3, 
2021/12/20, 60, 29, 13, 19, 2, 
2021/12/21, 62, 29, 7, 16, 1, 
2021/12/22, 81, 21, 10, 16, 1, 
2021/12/23, 67, 14, 8, 16, 1, 
2021/12/24, 49, 1, 24, 3, , 
2021/12/25, 7, 2, 22, 4, , 
2021/12/26, 7, 6, 26, 7, , 
2021/12/27, 11, 8, 26, 6, , 
2021/12/28, 11, 9, 14, 16, 2, 
2021/12/29, 22, 13, 12, 19, 2, 
2021/12/30, 34, 18, 6, 23, 2, 
2021/12/31, 58, 23, 19, 12, 2, 
2022/1/1, 75, 22, 12, 16, 2, 
2022/1/2, 72, 28, 10, 19, 2, 
2021/7/1, 54, 29, 34, 6, 2, 
2021/7/2, 64, 35, 36, 4, 2, 
2021/7/3, 83, 37, 38, 2, 2, 
2021/7/4, 67, 35, 32, 5, 2, 
2021/7/5, 77, 39, 37, 8, 2, 
2021/7/6, 61, 23, 22, 7, 2, 
2021/7/7, 45, 19, 29, 6, 2, 
2021/7/8, 34, 20, 28, 5, 2, 
2021/7/9, 45, 17, 32, 4, 2, 
2021/7/10, 40, 16, 30, 3, 2, 
2021/7/11, 41, 43, 33, 8, 2, 
2021/7/12, 58, 23, 27, 4, 2, 
2021/7/13, 22, 19, 27, 6, 2, 
2021/7/14, 26, 17, 29, 6, 2, 
2021/7/15, 34, 24, 29, 7, 2, 
2021/7/16, 47, 19, 30, 2, 2, 
2021/7/17, 51, 17, 40, 1, 2, 
2021/7/18, 49, 21, 37, 5, 2, 
2021/7/19, 49, 24, 35, 6, 2, 
2021/7/20, 53, 27, 37, 5, 2, 
2021/7/21, 64, 25, 34, 8, 2, 
2021/7/22, 49, 31, 37, 8, 2, 
2021/7/23, 58, 33, 35, 4, 2, 
2021/7/24, 78, 32, 34, 1, 2, 
2021/7/25, 77, 15, 36, 5, 2, 
2021/7/26, 39, 19, 37, 6, 3, 
2021/7/27, 50, 21, 33, 4, 3, 
2021/7/28, 56, 25, 31, 6, 2, 
2021/7/29, 63, 31, 38, 7, 3, 
2021/7/30, 74, 36, 24, 3, 3, 
2021/7/31, 89, 8, 31, 1, 2, 
2021/8/1, 16, 12, 30, 4, 3, 
2021/8/2, 21, 18, 34, 4, 2, 
2021/8/3, 35, 27, 39, 9, 3, 
2021/8/4, 44, 27, 40, 5, 3, 
2021/8/5, 57, 34, 44, 5, 3, 
2021/8/6, 81, 28, 42, 2, 2, 
2021/8/7, 47, 19, 27, 1, 2, 
2021/8/8, 53, 17, 29, 2, 2, 
2021/8/9, 41, 10, 24, 3, 3, 
2021/8/10, 34, 29, 46, 6, 3, 
2021/8/11, 49, 29, 16, 16, 3, 
2021/8/12, 68, 36, 13, 11, 3, 
2021/8/13, 79, 51, 9, 6, 3, 
2021/8/14, 128, 43, 18, 7, 3, 
2021/8/15, 81, 40, 20, 5, 3, 
2021/8/16, 86, 28, 17, 3, 3, 
2021/8/17, 70, 24, 18, 4, 3, 
2021/8/18, 61, 27, 33, 3, 2, 
2021/8/19, 61, 20, 29, 3, 3, 
2021/8/20, 49, 17, 32, 2, 2, 
2021/8/21, 51, 17, 36, 2, 3, 
2021/8/22, 47, 24, 31, 4, 3, 
2021/8/23, 61, 24, 31, 4, 3, 
2021/8/24, 65, 15, 39, 6, 1, 
2021/8/25, 38, 23, 32, 6, 1, 
2021/8/26, 57, 27, 39, 10, 1, 
2021/8/27, 57, 27, 36, 4, 1, 
2021/8/28, 69, 27, 36, 2, 1, 
2021/8/29, 66, 18, 30, 3, 1, 
2021/8/30, 47, 16, 34, 5, 1, 
2021/8/31, 59, 20, 30, 6, 2, 
2021/9/1, 57, 11, 36, 7, 2, 
2021/9/2, 27, 23, 36, 9, 2, 
2021/9/3, 58, 30, 21, 8, 2, 
2021/9/4, 82, , , , , 
2021/9/6, 65, 25, 30, 5, 2, 
2021/9/7, 62, 24, 33, 5, 1, 
2021/9/8, 55, 28, 34, 6, 2, 
2021/9/9, 62, 28, 40, 8, 2, 
2021/9/10, 55, 19, 38, 2, 2, 
2021/9/11, 55, 20, 32, 2, 2, 
2021/9/12, 59, 15, 13, 2, 2, 
2021/9/13, 55, 29, 29, 6, 2, 
2021/9/14, 51, 26, 34, 6, 2, 
2021/9/15, 56, 15, 35, 7, 2, 
2021/9/16, 22, 19, 33, 7, 2, 
2021/9/17, 47, 21, 34, 5, 1, 
2021/9/18, 55, 8, 26, 4, 2, 
2021/9/19, 25, 15, 28, 6, 1, 
2021/9/20, 22, 5, 30, 2, 1, 
2021/9/21, 10, 7, 36, 4, 1, 
2021/9/22, 18, 14, 40, 6, 1, 
2021/9/23, 39, 18, 38, 7, 1, 
2021/9/24, 45, 28, 30, 5, 2, 
2021/9/25, 77, 12, 36, 5, 2, 
2021/9/26, 40, 22, 31, 10, 1, 
2021/9/27, 46, 27, 38, 10, 2, 
2021/9/28, 68, 25, 31, 7, 2, 
2021/9/29, 64, 16, 29, 5, 2, 
2021/9/30, 39, 30, 32, 8, 2, 
2021/4/1, 38, , , , , 
2021/4/5, 42, 20, 31, 16, 1, 
2021/4/6, 43, 8, 25, 10, 1, 
2021/4/7, 28, 7, 25, 16, 1, 
2021/4/8, 23, 8, 22, 13, 1, 
2021/4/9, 33, 10, 25, 11, 1, 
2021/4/10, 37, 7, 22, 3, , 
2021/4/11, 28, 3, 27, 4, 1, 
2021/4/12, 12, 6, 28, 4, , 
2021/4/13, 20, 7, 24, 15, 1, 
2021/4/14, 19, 7, 29, 9, 1, 
2021/4/15, 27, 11, 14, 8, 1, 
2021/4/16, 42, 6, 29, 8, 1, 
2021/4/17, 20, 7, 32, 5, 1, 
2021/4/18, 27, 14, 34, 14, 1, 
2021/4/19, 42, 15, 35, 11, 1, 
2021/4/20, 52, 13, 35, 8, 1, 
2021/4/21, 50, 7, 30, 7, 1, 
2021/4/22, 30, 8, 34, 9, 1, 
2021/4/23, 33, 8, 33, 5, 1, 
2021/4/24, 36, 9, 36, 2, , 
2021/4/25, 37, 9, 37, 9, , 
2021/4/26, 38, 13, 36, 8, 1, 
2021/4/27, 47, 11, 35, 8, 1, 
2021/4/28, 44, 7, 31, 9, 1, 
2021/4/29, 28, 10, 33, 11, 1, 
2021/4/30, 38, 4, 33, 3, 1, 
2021/5/1, 17, 4, 40, 2, 1, 
2021/5/2, 17, 3, 39, 5, 1, 
2021/5/3, 15, 6, 30, 9, 1, 
2021/5/4, 16, 16, 33, 9, 1, 
2021/5/5, 38, 22, 31, 12, 1, 
2021/5/6, 52, 31, 24, 22, 1, 
2021/5/7, 57, 14, 34, 6, 1, 
2021/5/8, 44, 18, 33, 4, , 
2021/5/9, 61, 11, 26, 9, , 
2021/5/10, 19, 11, 32, 5, 1, 
2021/5/11, 7, 13, 28, 10, 1, 
2021/5/12, 13, 14, 27, 9, 1, 
2021/5/13, 13, 8, 27, 7, 1, 
2021/5/14, 12, 10, 26, 11, 1, 
2021/5/15, 14, 5, 14, 5, 1, 
2021/5/16, 7, 5, 26, 4, 1, 
2021/5/17, 8, 8, 26, 7, , 
2021/5/18, 13, 5, 26, 7, 1, 
2021/5/19, 11, 7, 27, 6, 1, 
2021/5/20, 13, 7, 28, 11, 1, 
2021/5/21, 11, 1, 29, 1, 1, 
2021/5/22, 5, 1, 27, 2, 1, 
2021/5/23, 5, 2, 19, 7, 1, 
2021/5/24, 6, 1, 29, 3, 1, 
2021/5/26, 5, 5, 26, 11, 1, 
2021/5/27, 8, 6, 25, 14, 2, 
2021/5/28, 23, 3, 26, 5, 1, 
2021/5/29, 13, 2, 30, 4, 1, 
2021/5/30, 10, 8, 27, 9, 1, 
2021/5/31, 11, 6, 2, 16, 2, 
2021/6/1, 21, 4, 15, 12, 3, 
2021/6/2, 17, 3, 34, 6, 2, 
2021/6/3, 12, 4, 33, 9, 2, 
2021/6/4, 13, , , , , 
2021/6/7, 26, 14, 16, 8, 2, 
2021/6/8, 58, 10, 33, 4, 2, 
2021/6/9, 35, 10, 28, 7, 2, 
2021/6/10, 39, , , , , 
2021/6/14, 51, 27, 19, 13, 2, 
2021/6/15, 40, 28, 41, 15, 2, 
2021/6/16, 57, 19, 34, 8, 2, 
2021/6/17, 42, 32, 37, 7, 2, 
2021/6/18, 63, 31, 30, 4, 2, 
2021/6/19, 73, 17, 28, 5, 2, 
2021/6/20, 44, 21, 31, 7, 2, 
2021/6/21, 22, 28, 27, 8, 1, 
2021/6/22, 21, 12, 32, 7, 2, 
2021/6/23, 21, 9, 33, 4, 2, 
2021/6/24, 16, 12, 31, 5, 2, 
2021/6/25, 21, 16, 37, 3, 2, 
2021/6/26, 44, 16, 37, 3, 2, 
2021/6/27, 38, 22, 29, 6, 2, 
2021/6/28, 52, 20, 30, 6, 2, 
2021/6/29, 49, 26, 26, 5, 2, 
2021/6/30, 59, 24, 31, 4, 2, 
2021/1/4, 17, 9, 16, 14, , 
2021/1/5, 32, 7, 19, 8, , 
2021/1/6, 28, 7, 16, 11, , 
2021/1/7, 25, 6, 24, 10, 2, 
2021/1/8, 25, 2, 23, 6, 2, 
2021/1/9, 11, 5, 14, 9, 2, 
2021/1/10, 23, 10, 14, 16, 2, 
2021/1/11, 31, 11, 16, 19, 2, 
2021/1/12, 31, 13, 15, 21, 1, 
2021/1/13, 34, 18, 14, 24, 2, 
2021/1/14, 49, 10, 27, 13, 2, 
2021/1/15, 19, 6, 23, 12, 1, 
2021/1/16, 16, 5, 21, 7, 1, 
2021/1/17, 19, 14, 18, 17, 1, 
2021/1/18, 31, 18, 12, 22, 3, 
2021/1/19, 47, 22, 13, 24, 2, 
2021/1/20, 56, 9, 24, 8, 1, 
2021/1/21, 11, 11, 25, 4, 1, 
2021/1/22, 13, , , , , 
2021/1/24, 5, 10, 15, 10, 1, 
2021/1/25, 15, 12, 16, 15, 1, 
2021/1/26, 30, 11, 12, 14, 1, 
2021/1/27, 20, 15, 15, 11, 1, 
2021/1/28, 20, 15, 12, 9, 1, 
2021/1/29, 18, 15, 26, 1, 1, 
2021/1/30, 13, 2, 25, 1, 1, 
2021/1/31, 8, 11, 21, 4, 1, 
2021/2/1, 13, 13, 16, 9, 1, 
2021/2/2, 14, 18, 13, 14, 1, 
2021/2/3, 25, 21, 17, 13, 1, 
2021/2/4, 53, 19, 20, 9, , 
2021/2/5, 57, 31, 20, 5, , 
2021/2/6, 43, 6, 21, 1, , 
2021/2/7, 7, 19, 24, 7, , 
2021/2/8, 13, 14, 27, 8, 1, 
2021/2/9, 16, 18, 29, 7, 4, 
2021/2/10, 16, 17, 15, 15, 2, 
2021/2/11, 19, 15, 21, 8, 2, 
2021/2/12, 14, 8, 21, 6, 1, 
2021/2/13, 20, 9, 21, 3, 1, 
2021/2/14, 27, 7, 16, 9, 1, 
2021/2/15, 21, 14, 12, 22, 2, 
2021/2/16, 39, 23, 27, 13, 2, 
2021/2/17, 67, 30, 21, 15, 1, 
2021/2/18, 80, 33, 31, 15, 1, 
2021/2/19, 83, 23, 31, 5, 1, 
2021/2/20, 64, 24, 30, 4, 1, 
2021/2/21, 61, 4, 17, 10, 1, 
2021/2/22, 13, 8, 23, 9, 1, 
2021/2/23, 23, 18, 22, 9, 1, 
2021/2/24, 52, 21, 17, 21, 1, 
2021/2/25, 59, 18, 19, 16, 2, 
2021/2/26, 56, 23, 24, 8, 1, 
2021/2/27, 64, 20, 26, 4, 1, 
2021/2/28, 59, 20, 27, 5, 3, 
2021/3/1, 54, 23, 25, 8, 2, 
2021/3/2, 63, 24, 25, 11, 2, 
2021/3/3, 68, 26, 26, 13, 2, 
2021/3/4, 69, 23, 21, 19, 3, 
2021/3/5, 67, 20, 28, 7, 2, 
2021/3/6, 64, 14, 18, 4, 1, 
2021/3/7, 53, 7, 13, 4, 1, 
2021/3/8, 27, 9, 18, 10, 2, 
2021/3/9, 26, 13, 21, 10, 2, 
2021/3/10, 43, 20, 1, 18, 5, 
2021/3/11, 62, 12, 23, 11, 1, 
2021/3/12, 29, 9, 25, 7, 1, 
2021/3/13, 28, 3, 25, 5, 1, 
2021/3/14, 11, 9, 26, 13, 1, 
2021/3/15, 23, 15, 26, 15, 1, 
2021/3/16, 35, 14, 27, 18, 1, 
2021/3/17, 36, 5, 15, 13, 1, 
2021/3/18, 15, 4, 24, 4, 1, 
2021/3/19, 16, 4, 29, 4, 1, 
2021/3/20, 16, 3, 28, 3, 1, 
2021/3/21, 14, 6, 23, 12, 1, 
2021/3/22, 13, 12, 23, 13, 1, 
2021/3/23, 36, 17, 30, 13, 1, 
2021/3/24, 54, 21, 32, 13, 1, 
2021/3/25, 64, 24, 28, 15, 1, 
2021/3/26, 72, 16, 28, 9, , 
2021/3/27, 51, 6, 30, 3, , 
2021/3/28, 24, 9, 30, 10, , 
2021/3/29, 29, 14, 27, 13, 1, 
2021/3/30, 39, 19, 29, 14, 1, 
2021/3/31, 49, 13, 30, 13, 1, 
2020/10/1, 50, 48, 22, 4, 2, 
2020/10/2, 42, 4, 26, 5, 2, 
2020/10/3, 11, 6, 27, 3, 1, 
2020/10/4, 15, 28, 22, 9, 1, 
2020/10/5, 24, 33, 23, 14, 2, 
2020/10/6, 31, 26, 19, 14, 2, 
2020/10/7, 24, 24, 24, 7, 2, 
2020/10/8, 32, 12, 27, 3, 2, 
2020/10/9, 36, 11, 27, 2, 2, 
2020/10/10, 37, 7, 29, 2, 2, 
2020/10/11, 9, 5, 30, 3, 2, 
2020/10/12, 10, 25, 24, 13, 2, 
2020/10/13, 16, 25, 15, 17, 2, 
2020/10/14, 29, 20, 24, 5, 1, 
2020/10/15, 12, 22, 29, 13, 1, 
2020/10/16, 23, 11, 32, 7, , 
2020/10/17, 24, 8, 36, 4, , 
2020/10/18, 20, 18, 30, 7, 1, 
2020/10/19, 28, 20, 29, 13, 2, 
2020/10/20, 47, 34, 23, 13, 1, 
2020/10/21, 58, 29, 6, 18, 1, 
2020/10/22, 59, 13, 20, 12, 1, 
2020/10/23, 17, 5, 24, 6, 1, 
2020/10/24, 10, 7, 25, 1, 1, 
2020/10/25, 13, 19, 23, 6, 1, 
2020/10/26, 13, 21, 20, 11, , 
2020/10/27, 16, 23, 20, 16, 1, 
2020/10/28, 24, 22, 18, 16, 1, 
2020/10/29, 36, 23, 22, 12, 1, 
2020/10/30, 49, 17, 24, 9, 1, 
2020/10/31, 53, 13, 23, 6, , 
2020/11/1, 42, 29, 19, 16, 1, 
2020/11/2, 55, 26, 24, 8, , 
2020/11/3, 56, 4, 25, 5, , 
2020/11/4, 9, 5, 21, 3, 1, 
2020/11/5, 20, 23, 19, 3, 1, 
2020/11/6, 68, 8, 19, 6, 1, 
2020/11/7, 31, 6, 12, 10, 1, 
2020/11/8, 18, 12, 13, 13, 1, 
2020/11/9, 31, 12, 15, 12, 1, 
2020/11/10, 27, 16, 17, 12, 1, 
2020/11/11, 44, 17, 13, 14, 1, 
2020/11/12, 41, 17, 14, 14, 1, 
2020/11/13, 46, 20, 11, 11, 1, 
2020/11/14, 65, 8, 12, 4, 1, 
2020/11/15, 25, 12, 10, 12, 1, 
2020/11/16, 22, 14, 12, 11, 1, 
2020/11/17, 34, 23, 12, 14, 1, 
2020/11/18, 59, 24, 16, 13, 2, 
2020/11/19, 58, 18, 14, 17, 1, 
2020/11/20, 31, 9, 17, 8, 1, 
2020/11/21, 26, 8, 18, 8, 1, 
2020/11/22, 28, 15, 17, 12, 1, 
2020/11/23, 35, 24, 14, 17, 2, 
2020/11/24, 54, 31, 13, 20, 2, 
2020/11/25, 66, 12, 18, 11, , 
2020/11/26, 45, 9, 23, 2, , 
2020/11/27, 28, , , , , 
2020/11/30, 40, 14, 8, 14, 1, 
2020/12/1, 39, 9, 17, 13, 1, 
2020/12/2, 12, 15, 16, 16, 2, 
2020/12/3, 17, 6, 15, 11, 1, 
2020/12/4, 12, 2, 17, 5, 1, 
2020/12/5, 9, 3, 16, 1, 1, 
2020/12/6, 7, 2, 15, 4, 1, 
2020/12/7, 5, , , , , 
2020/12/10, 11, 2, 29, 5, 1, 
2020/12/11, 6, 4, 32, 5, 1, 
2020/12/12, 10, 6, 22, 8, 1, 
2020/12/13, 22, 21, 7, 20, 1, 
2020/12/14, 54, 13, 20, 17, 1, 
2020/12/15, 28, 14, 17, 20, 1, 
2020/12/16, 29, 17, 16, 16, 1, 
2020/12/17, 35, 16, 14, 20, 1, 
2020/12/18, 40, 10, 23, 10, 1, 
2020/12/19, 34, 4, 20, 11, 1, 
2020/12/20, 18, 15, 9, 19, 1, 
2020/12/21, 38, 15, 12, 15, , 
2020/12/22, 47, 14, 16, 16, , 
2020/12/23, 46, 8, 18, 13, , 
2020/12/24, 28, 3, 28, 1, , 
2020/12/25, 12, 4, 27, 11, 1, 
2020/12/26, 20, 7, 17, 5, 1, 
2020/12/27, 31, , , , , 
2020/12/31, 9, 2, 27, 5, 1, 
2021/1/1, 8, 1, 26, 3, , 
2021/1/2, 6, 1, 22, 3, , 
2021/1/3, 9, 6, 19, 9, , 
2020/7/1, 78, 41, 23, 5, 1, 
2020/7/2, 91, 27, 20, 4, 1, 
2020/7/3, 56, 27, 23, 4, 1, 
2020/7/4, 73, 24, 24, 6, 1, 
2020/7/5, 54, 29, 26, 13, 1, 
2020/7/6, 44, 20, 13, 11, 1, 
2020/7/7, 46, , , , , 
2020/7/10, 57, 34, 38, 3, 1, 
2020/7/11, 73, 28, 35, 4, 1, 
2020/7/12, 66, 25, 39, 6, 1, 
2020/7/13, 60, 24, 43, 7, 1, 
2020/7/14, 60, 22, 55, 6, 1, 
2020/7/15, 55, 19, 39, 9, 1, 
2020/7/16, 39, 23, 29, 7, 1, 
2020/7/17, 47, 17, 29, 4, 1, 
2020/7/18, 46, 19, 30, 2, 1, 
2020/7/19, 49, 23, 26, 4, 1, 
2020/7/20, 52, 18, 26, 5, 1, 
2020/7/21, 49, 16, 28, 9, 1, 
2020/7/22, 36, 15, 35, 10, 1, 
2020/7/23, 26, 17, 39, 9, 1, 
2020/7/24, 36, 10, 35, 4, 1, 
2020/7/25, 30, 14, 33, 3, 1, 
2020/7/26, 42, 21, 36, 7, 1, 
2020/7/27, 45, 25, 35, 7, 1, 
2020/7/28, 49, 27, 25, 5, 1, 
2020/7/29, 63, 25, 30, 9, 1, 
2020/7/30, 57, 28, 31, 12, 1, 
2020/7/31, 59, 32, 34, 8, , 
2020/8/1, 77, 28, 29, 5, 1, 
2020/8/2, 68, 23, 22, 5, 1, 
2020/8/3, 42, 21, 23, 5, 1, 
2020/8/4, 36, 32, 25, 6, 1, 
2020/8/5, 48, 31, 27, 6, 1, 
2020/8/6, 38, , , , , 
2020/8/10, 38, 19, 32, 5, 1, 
2020/8/11, 45, 21, 36, 5, 1, 
2020/8/12, 38, 26, 39, 8, 1, 
2020/8/13, 51, 29, 32, 4, 1, 
2020/8/14, 60, 21, 33, 2, 1, 
2020/8/15, 53, 15, 35, 3, 1, 
2020/8/16, 27, 20, 35, 8, 1, 
2020/8/17, 32, 19, 32, 5, 1, 
2020/8/18, 33, 24, 35, 10, 1, 
2020/8/19, 35, 18, 34, 4, 1, 
2020/8/20, 28, 23, 29, 6, 1, 
2020/8/21, 47, 26, 25, 5, 1, 
2020/8/22, 62, 22, 16, 4, 1, 
2020/8/23, 61, 27, 12, 17, 2, 
2020/8/24, 63, 32, 26, 6, 2, 
2020/8/25, 61, 35, 29, 7, 2, 
2020/8/26, 69, 26, 33, 6, 2, 
2020/8/27, 56, 33, 33, 7, 2, 
2020/8/28, 74, 20, 26, 5, 2, 
2020/8/29, 36, 6, 30, 4, 2, 
2020/8/30, 10, 23, 30, 7, 2, 
2020/8/31, 19, 19, 29, 8, 2, 
2020/9/1, 24, 16, 34, 3, 2, 
2020/9/2, 25, 21, 34, 4, 2, 
2020/9/3, 31, 18, 34, 5, 2, 
2020/9/4, 28, 13, 36, 2, 2, 
2020/9/5, 34, 13, 38, 1, 2, 
2020/9/6, 38, 20, 30, 2, 3, 
2020/9/7, 39, 15, 31, 5, 3, 
2020/9/8, 27, 20, 39, 4, 3, 
2020/9/9, 33, 22, 34, 8, 3, 
2020/9/10, 43, 34, 37, 11, 3, 
2020/9/11, 52, 19, 42, 2, 1, 
2020/9/12, 47, 14, 36, 3, 1, 
2020/9/13, 37, 28, 38, 6, 1, 
2020/9/14, 41, 31, 36, 5, , 
2020/9/15, 65, 38, 33, 7, 1, 
2020/9/16, 79, 42, 33, 6, 1, 
2020/9/17, 86, 16, 21, 6, , 
2020/9/18, 50, 6, 28, 2, 1, 
2020/9/19, 17, 7, 30, 3, 1, 
2020/9/20, 20, 29, 32, 9, 1, 
2020/9/21, 37, 24, 33, 4, 1, 
2020/9/22, 43, 25, 14, 6, 1, 
2020/9/23, 50, 47, 18, 8, 1, 
2020/9/24, 46, 23, 29, 3, , 
2020/9/25, 19, 7, 27, 1, , 
2020/9/26, 9, 13, 32, 4, , 
2020/9/27, 16, 33, 31, 9, 2, 
2020/9/28, 33, 25, 33, 6, 2, 
2020/9/29, 28, 24, 32, 7, 2, 
2020/9/30, 36, 43, 32, 9, 2, 
2020/4/1, 7, 4, 35, 4, 2, 
2020/4/2, 17, 8, 32, 3, 1, 
2020/4/3, 33, 8, 37, 1, , 
2020/4/4, 36, 8, 40, 2, 1, 
2020/4/5, 36, 11, 41, 2, 1, 
2020/4/6, 50, 12, 45, 4, 1, 
2020/4/7, 50, 15, 42, 5, 1, 
2020/4/8, 56, 14, 42, 2, 1, 
2020/4/9, 55, 17, 44, 1, 1, 
2020/4/10, 65, 15, 41, 2, 1, 
2020/4/11, 58, 14, 47, , 1, 
2020/4/12, 55, 14, 42, , 1, 
2020/4/13, 50, , , , , 
2020/4/14, 24, , , , , 
2020/4/15, 48, 17, 10, 2, 1, 
2020/4/16, 55, , , , , 
2020/4/17, 57, , , , , 
2020/4/18, 51, , , , , 
2020/4/19, 17, , , , , 
2020/4/20, 17, 2, 22, 8, 1, 
2020/4/21, 11, 2, 36, 4, 2, 
2020/4/22, 10, 8, 36, 6, 1, 
2020/4/23, 34, 10, 38, 5, 1, 
2020/4/24, 42, 8, 40, 1, 1, 
2020/4/25, 36, 8, 34, , 1, 
2020/4/26, 33, 5, 28, 4, 2, 
2020/4/27, 21, 2, 14, 6, 1, 
2020/4/28, 8, 3, 30, 6, 1, 
2020/4/29, 7, 3, 27, 4, 1, 
2020/4/30, 7, 1, 24, , 1, 
2020/5/1, 5, 2, 15, 3, 1, 
2020/5/2, 5, , , , , 
2020/5/4, 14, 3, 32, 6, 2, 
2020/5/5, 9, 2, 31, 5, 2, 
2020/5/6, 9, 2, 35, 2, 1, 
2020/5/8, 5, 1, 35, 1, 2, 
2020/5/9, 5, 1, 28, , 1, 
2020/5/10, 6, 1, 26, 2, 1, 
2020/5/11, 5, 2, 33, 4, 1, 
2020/5/12, 6, 2, 29, 5, 1, 
2020/5/13, 6, 1, 30, 4, 2, 
2020/5/14, 5, 2, 33, 5, 4, 
2020/5/15, 14, 1, 30, 2, 5, 
2020/5/16, 5, 1, 34, 1, 5, 
2020/5/19, 6, 2, 42, 6, 2, 
2020/5/22, 7, 2, 42, 4, 1, 
2020/5/23, 9, 1, 31, 2, 1, 
2020/5/24, 9, 1, 32, 6, 1, 
2020/5/25, 7, 13, 36, 6, 1, 
2020/5/26, 34, 16, 46, 4, 1, 
2020/5/27, 31, 16, 36, 7, 1, 
2020/5/28, 28, 22, 40, 8, 1, 
2020/5/29, 29, 12, 40, 4, 1, 
2020/5/30, 21, 11, 40, 2, 1, 
2020/5/31, 18, 29, 39, 8, 1, 
2020/6/1, 45, 26, 39, 6, 1, 
2020/6/2, 51, , , , , 
2020/6/4, 40, 20, 41, 10, 1, 
2020/6/5, 31, 26, 38, 7, 1, 
2020/6/6, 55, 26, 26, 3, 1, 
2020/6/7, 59, 8, 24, 8, 1, 
2020/6/8, 27, 12, 33, 6, 1, 
2020/6/9, 31, 18, 34, 5, 1, 
2020/6/10, 36, 27, 31, 7, 1, 
2020/6/11, 47, 17, 26, 6, 1, 
2020/6/12, 16, 9, 35, 4, 1, 
2020/6/13, 20, 16, 38, 4, 1, 
2020/6/14, 37, 24, 35, 8, 1, 
2020/6/15, 53, 23, 33, 6, 1, 
2020/6/16, 54, 19, 31, 7, 1, 
2020/6/17, 49, 21, 32, 5, 1, 
2020/6/18, 48, 24, 26, 6, 1, 
2020/6/19, 58, 26, 30, 6, 1, 
2020/6/20, 68, 27, 28, 4, 1, 
2020/6/21, 72, 32, 24, 11, 1, 
2020/6/22, 62, 28, 24, 6, 1, 
2020/6/23, 52, 18, 30, 5, 1, 
2020/6/24, 43, 22, 33, 12, 1, 
2020/6/25, 42, 22, 35, 9, 1, 
2020/6/26, 43, 26, 36, 6, 1, 
2020/6/27, 63, 33, 29, 3, 1, 
2020/6/28, 81, 42, 25, 6, 1, 
2020/6/29, 86, 34, 23, 5, 1, 
2020/6/30, 76, 38, 29, 8, 1, 
2020/1/1, 86, , , , , 
2020/1/2, 87, , , , , 
2020/1/3, 95, , , , , 
2020/1/4, 84, , , , , 
2020/1/5, 55, 13, 12, , 1, 
2020/1/6, 57, 41, 10, 10, 3, 
2020/1/7, 83, 41, 9, 7, 5, 
2020/1/8, 106, 30, 17, 5, 2, 
2020/1/9, 81, 31, 22, 7, 2, 
2020/1/10, 67, 12, 24, 7, 1, 
2020/1/11, 42, 17, 21, 6, 1, 
2020/1/12, 59, 35, 8, 13, 4, 
2020/1/13, 79, 42, 13, 13, 2, 
2020/1/14, 84, 43, 3, 24, 3, 
2020/1/15, 96, 43, 14, 28, 1, 
2020/1/16, 85, 38, 21, 19, 1, 
2020/1/17, 56, 15, 21, 15, 1, 
2020/1/18, 45, 5, 28, 1, 1, 
2020/1/19, 24, 3, 29, 1, 1, 
2020/1/20, 14, 6, 31, 2, 1, 
2020/1/21, 22, 19, 17, 15, 1, 
2020/1/22, 57, 35, 15, 17, 1, 
2020/1/23, 72, 36, 14, 18, 1, 
2020/1/24, 79, 35, 23, 13, 1, 
2020/1/25, 85, 17, 22, 12, 1, 
2020/1/26, 56, 12, 14, 14, 1, 
2020/1/27, 40, 14, 19, 10, 1, 
2020/1/28, 28, 7, 19, 11, 1, 
2020/1/29, 24, 17, 20, 13, 1, 
2020/1/30, 32, 16, 14, 15, 1, 
2020/1/31, 29, 4, 17, 8, 1, 
2020/2/1, 17, 5, 16, 6, 1, 
2020/2/2, 21, 21, 8, 17, 1, 
2020/2/3, 45, 34, 10, 17, 2, 
2020/2/4, 55, 15, 23, 11, , 
2020/2/5, 29, 23, 24, 13, 1, 
2020/2/6, 57, 24, 19, 20, 1, 
2020/2/7, 64, 25, 21, 14, 1, 
2020/2/8, 79, 27, 24, 10, , 
2020/2/9, 86, 15, 14, 15, 3, 
2020/2/10, 38, 23, 13, 15, 1, 
2020/2/11, 44, 27, 22, 13, 1, 
2020/2/12, 65, 36, 11, 20, 2, 
2020/2/13, 89, 27, 16, 16, 1, 
2020/2/14, 57, 23, 25, 11, 1, 
2020/2/15, 75, 29, 24, 9, , 
2020/2/16, 93, 38, 20, 14, 1, 
2020/2/17, 103, 17, 16, 14, 1, 
2020/2/18, 56, 14, 21, 13, 1, 
2020/2/19, 40, 23, 20, 15, , 
2020/2/20, 56, 29, 19, 18, 2, 
2020/2/21, 78, 23, 26, 14, 1, 
2020/2/22, 77, 18, 29, 11, , 
2020/2/23, 63, 28, 21, 25, 3, 
2020/2/24, 63, 32, 20, 21, 1, 
2020/2/25, 60, 21, 23, 19, 1, 
2020/2/26, 48, 32, 21, 14, , 
2020/2/27, 52, 60, 21, 13, 1, 
2020/2/28, 83, 42, 24, 7, , 
2020/2/29, 51, 12, 29, 2, , 
2020/3/1, 16, 53, 32, 1, , 
2020/3/2, 32, 38, 26, 1, , 
2020/3/3, 27, 18, 18, 7, 1, 
2020/3/4, 19, 26, 25, 5, , 
2020/3/5, 26, 27, 31, 5, , 
2020/3/6, 30, 6, 29, 7, 1, 
2020/3/7, 17, 5, 31, 6, , 
2020/3/8, 18, 22, 29, 12, 1, 
2020/3/9, 32, 21, 20, 17, 1, 
2020/3/10, 35, 28, 22, 23, 2, 
2020/3/11, 63, 33, 30, 18, 3, 
2020/3/12, 81, 22, 28, 7, 1, 
2020/3/13, 61, 10, 29, 8, 1, 
2020/3/14, 40, 8, 37, 1, 1, 
2020/3/15, 37, 3, 30, 5, 1, 
2020/3/16, 15, 10, 26, 8, 1, 
2020/3/17, 43, 13, 33, 5, 1, 
2020/3/18, 54, 14, 33, 2, 1, 
2020/3/19, 57, 11, 35, 2, 1, 
2020/3/20, 48, 14, 40, 2, 1, 
2020/3/21, 57, 7, 38, , 1, 
2020/3/22, 31, 4, 32, 2, 1, 
2020/3/23, 20, 7, 35, , 1, 
2020/3/24, 33, 7, 26, 6, 1, 
2020/3/25, 28, 11, 33, 6, 1, 
2020/3/26, 40, 11, 29, 7, , 
2020/3/27, 42, 10, 36, 3, , 
2020/3/28, 41, 13, 15, , , 
2020/3/29, 49, , , , , 
2019/10/1, 77, 39, 27, 8, 1, 
2019/10/2, 58, 35, 28, 9, 1, 
2019/10/3, 38, 35, 34, 8, 1, 
2019/10/4, 45, 30, 35, 4, 1, 
2019/10/5, 43, 16, 40, 3, 1, 
2019/10/6, 45, 27, 28, 7, 2, 
2019/10/7, 62, 30, 33, 8, 2, 
2019/10/8, 53, 27, 40, 3, 1, 
2019/10/9, 58, 20, 26, 4, 1, 
2019/10/10, 46, 25, 28, 4, 1, 
2019/10/11, 51, 19, 32, 3, 1, 
2019/10/12, 47, 18, 36, 2, 1, 
2019/10/13, 56, 23, 24, 6, 1, 
2019/10/14, 64, 25, 26, 5, 1, 
2019/10/15, 42, 28, 24, 10, 2, 
2019/10/16, 31, 41, 27, 12, 1, 
2019/10/17, 53, 38, 19, 9, 2, 
2019/10/18, 52, 32, 30, 5, 1, 
2019/10/19, 47, 29, 18, 7, , 
2019/10/20, 47, 18, 23, 8, 1, 
2019/10/21, 43, 16, 19, 6, 1, 
2019/10/22, 39, 9, 21, 6, 1, 
2019/10/23, 32, 9, 20, 4, 1, 
2019/10/24, 26, 13, 21, 11, 1, 
2019/10/25, 46, 18, 34, 6, 1, 
2019/10/26, 57, 16, 33, 5, 1, 
2019/10/27, 63, 26, 11, 12, 2, 
2019/10/28, 83, 37, 16, 12, 2, 
2019/10/29, 96, , 21, 12, 2, 
2019/10/30, 87, 27, 17, 10, 2, 
2019/10/31, 52, 18, 19, 5, 2, 
2019/11/1, 41, 15, 24, 1, 1, 
2019/11/2, 34, 26, 38, 1, 1, 
2019/11/3, 30, 30, 29, 3, 1, 
2019/11/4, 35, 39, 30, 4, 1, 
2019/11/5, 33, 27, 23, 6, 1, 
2019/11/6, 30, 33, 23, 5, 1, 
2019/11/7, 39, 36, 28, 4, 1, 
2019/11/8, 34, 24, 27, 1, 1, 
2019/11/9, 23, 12, 32, 1, 1, 
2019/11/10, 18, 18, 29, 4, 1, 
2019/11/11, 31, 44, 33, 5, 1, 
2019/11/12, 39, 32, 21, 5, 1, 
2019/11/13, 42, 29, , , , 
2019/11/14, 34, 30, 24, 7, 1, 
2019/11/15, 27, 20, 28, 6, 1, 
2019/11/16, 29, 12, 25, 2, 1, 
2019/11/17, 28, 16, 21, 5, 1, 
2019/11/18, 30, 26, 19, 10, 1, 
2019/11/19, 36, 33, 21, 9, 1, 
2019/11/20, 51, , , , , 
2019/11/21, 46, 23, 9, 12, 2, 
2019/11/22, 53, 8, 33, , 1, 
2019/11/23, 15, 4, 27, 3, , 
2019/11/24, 19, 22, 26, 5, 1, 
2019/11/25, 29, 23, 22, 5, 1, 
2019/11/26, 32, 32, 26, 4, 1, 
2019/11/27, 30, 30, 25, 4, 1, 
2019/11/28, 35, 23, 25, 5, 1, 
2019/11/29, 30, 12, 23, 6, 2, 
2019/11/30, 36, 10, 29, 3, , 
2019/12/1, 32, 9, 25, 3, , 
2019/12/2, 31, 12, 18, 6, 1, 
2019/12/3, 46, 5, 26, 4, 1, 
2019/12/4, 21, 7, 25, 8, 1, 
2019/12/5, 30, 16, 18, 6, 2, 
2019/12/6, 54, 20, 14, 6, 2, 
2019/12/7, 60, 13, 14, 4, 1, 
2019/12/8, 48, 15, 13, 7, 2, 
2019/12/9, 36, 20, 15, 8, 2, 
2019/12/10, 43, 20, 13, 8, 1, 
2019/12/11, 41, 21, 20, 4, , 
2019/12/12, 34, 16, 25, 4, 1, 
2019/12/13, 20, 7, 28, 2, , 
2019/12/14, 19, 8, 27, 6, 1, 
2019/12/15, 30, 22, 13, 6, 1, 
2019/12/16, 57, 38, 12, 9, 2, 
2019/12/17, 86, 20, 14, 7, 1, 
2019/12/18, 39, 32, 8, 12, 3, 
2019/12/19, 70, 20, 22, 4, 1, 
2019/12/20, 33, 22, 28, , , 
2019/12/21, 19, 12, 32, , , 
2019/12/22, 31, 11, 28, 7, 1, 
2019/12/23, 26, 13, 14, 7, 2, 
2019/12/24, 39, 13, 14, 4, 2, 
2019/12/25, 46, 23, 9, 9, 6, 
2019/12/26, 53, 24, 12, 7, 3, 
2019/12/27, 68, 27, 13, 6, 2, 
2019/12/28, 83, 26, 22, 5, 2, 
2019/12/29, 84, , , , , 
2019/7/1, 67, 27, 36, 7, 1, 
2019/7/2, 66, 26, 39, 11, 1, 
2019/7/3, 61, 24, 39, 11, 1, 
2019/7/4, 56, 27, 33, 12, 1, 
2019/7/5, 64, 33, 28, 9, 1, 
2019/7/6, 78, 43, 31, 8, , 
2019/7/7, 81, 38, 23, 10, 1, 
2019/7/8, 78, 27, 36, 8, 1, 
2019/7/9, 63, 24, 35, 10, 1, 
2019/7/10, 59, 21, 38, 11, 1, 
2019/7/11, 58, 20, 25, 7, , 
2019/7/12, 53, 22, 34, 11, 1, 
2019/7/13, 47, 24, 34, 4, 1, 
2019/7/14, 46, 21, 33, 11, 1, 
2019/7/15, 54, 21, 32, 7, 1, 
2019/7/16, 56, 19, 40, 6, 1, 
2019/7/17, 49, 17, 34, 5, 1, 
2019/7/18, 44, 16, 33, 7, 1, 
2019/7/19, 44, 17, 39, 2, 1, 
2019/7/20, 51, 18, 28, 3, 1, 
2019/7/21, 56, 20, 32, 8, 1, 
2019/7/22, 56, 25, 34, 6, 1, 
2019/7/23, 56, 26, 36, , 1, 
2019/7/24, 57, 25, 38, 1, 1, 
2019/7/25, 56, 27, 32, , , 
2019/7/26, 60, 27, 35, , 1, 
2019/7/27, 62, 20, 32, , , 
2019/7/28, 38, 13, 32, 9, 2, 
2019/7/29, 37, 21, 28, 5, 1, 
2019/7/30, 47, 17, 27, 3, 2, 
2019/7/31, 45, 19, 33, 3, 3, 
2019/8/1, 54, 21, 42, 8, 2, 
2019/8/2, 52, 18, 42, 5, 1, 
2019/8/3, 49, 18, 40, 3, 1, 
2019/8/4, 49, 22, 36, 6, 1, 
2019/8/5, 56, 29, 30, 4, 1, 
2019/8/6, 70, 38, 31, 7, 1, 
2019/8/7, 81, 36, 32, 10, 1, 
2019/8/8, 68, 30, 24, 12, 1, 
2019/8/9, 57, 24, 28, 4, 1, 
2019/8/10, 53, 24, 27, 2, 1, 
2019/8/11, 59, 22, 33, 4, 1, 
2019/8/12, 56, 19, 30, 4, 1, 
2019/8/13, 39, 18, 34, 6, 1, 
2019/8/14, 48, 21, 34, 3, 1, 
2019/8/15, 58, 17, 31, 2, 1, 
2019/8/16, 51, 15, 29, 2, 1, 
2019/8/17, 48, 14, 24, 1, 1, 
2019/8/18, 50, 17, 29, 3, , 
2019/8/19, 54, 16, 31, 2, , 
2019/8/20, 51, 15, 32, 4, , 
2019/8/21, 36, 12, 36, 3, 1, 
2019/8/22, 34, 16, 38, 7, 1, 
2019/8/23, 41, 16, 37, 6, , 
2019/8/24, 48, 16, 37, 2, 1, 
2019/8/25, 57, 16, 40, 3, 1, 
2019/8/26, 58, 14, 35, 6, 1, 
2019/8/27, 51, 13, 35, 7, 1, 
2019/8/28, 48, 16, 36, 9, 1, 
2019/8/29, 54, 18, 36, 8, 1, 
2019/8/30, 53, 19, 40, 7, 1, 
2019/8/31, 53, 18, 51, 4, 1, 
2019/9/1, 55, 16, 38, 5, 1, 
2019/9/2, 51, 14, 32, 6, 1, 
2019/9/3, 50, 16, 32, 4, 1, 
2019/9/4, 47, 18, 28, 6, 1, 
2019/9/5, 48, 16, 30, 3, 1, 
2019/9/6, 36, 13, 32, 3, 1, 
2019/9/7, 42, 15, 35, 2, , 
2019/9/8, 45, 15, 35, 6, , 
2019/9/9, 45, 25, 26, 4, , 
2019/9/10, 48, 14, 31, 4, 1, 
2019/9/11, 26, 12, 40, 4, 1, 
2019/9/12, 41, 16, 40, 2, 1, 
2019/9/13, 46, 20, 40, 4, , 
2019/9/14, 52, 24, 32, 4, , 
2019/9/15, 54, 29, 40, 5, , 
2019/9/16, 63, 30, 26, 11, 1, 
2019/9/17, 72, 23, 30, 10, 1, 
2019/9/18, 54, 26, 39, 6, 1, 
2019/9/19, 63, 26, 37, 5, 1, 
2019/9/20, 70, 21, 38, 3, 1, 
2019/9/21, 58, 15, 21, 2, 1, 
2019/9/22, 50, 11, 27, 7, 1, 
2019/9/23, 30, 19, 28, 8, 1, 
2019/9/24, 44, 21, 32, 4, , 
2019/9/25, 36, 21, 35, 4, , 
2019/9/26, 52, 26, 34, 7, 1, 
2019/9/27, 63, 23, 36, 4, 1, 
2019/9/28, 56, 23, 22, 7, 1, 
2019/9/29, 57, 23, 36, 5, 1, 
2019/9/30, 55, 33, 33, 9, 1, 
2019/4/1, 52, 25, 18, 19, 1, 
2019/4/2, 77, 21, 39, 13, 1, 
2019/4/3, 59, 14, 39, 9, 1, 
2019/4/4, 38, 15, 32, 13, 1, 
2019/4/5, 43, 9, 37, 5, 1, 
2019/4/6, 20, 4, 42, 3, 1, 
2019/4/7, 12, 6, 31, 9, 1, 
2019/4/8, 21, 12, 36, 7, , 
2019/4/9, 23, 13, 37, 9, 1, 
2019/4/10, 24, 15, 40, 11, 1, 
2019/4/11, 41, 20, 44, 11, 1, 
2019/4/12, 45, 21, 51, 11, 1, 
2019/4/13, 52, 20, 18, 13, 1, 
2019/4/14, 52, 23, 50, 11, 1, 
2019/4/15, 65, 25, 48, 9, 1, 
2019/4/16, 63, 25, 45, 6, 1, 
2019/4/17, 63, 21, 42, 5, 1, 
2019/4/18, 60, 12, 51, 3, 1, 
2019/4/19, 53, 17, 55, 2, 1, 
2019/4/20, 56, 16, 52, 2, , 
2019/4/21, 54, 16, 31, 7, 1, 
2019/4/22, 59, 20, 38, 11, , 
2019/4/23, 62, 10, 36, 6, 2, 
2019/4/24, 30, 12, 34, 8, 1, 
2019/4/25, 30, 11, 35, 7, 1, 
2019/4/26, 27, 11, 42, 5, 1, 
2019/4/27, 28, 12, 42, 4, 1, 
2019/4/28, 36, 15, 41, 5, 1, 
2019/4/29, 50, 18, 34, 7, 1, 
2019/4/30, 56, 20, 17, 4, 2, 
2019/5/1, 52, 16, 33, 9, 1, 
2019/5/2, 55, 16, 34, 10, 1, 
2019/5/3, 50, 13, 39, 7, 1, 
2019/5/4, 38, 10, 42, 4, 1, 
2019/5/5, 34, 15, 39, 6, 1, 
2019/5/6, 44, 23, 39, 8, , 
2019/5/7, 70, 35, 24, 7, 1, 
2019/5/8, 75, 28, 26, 7, , 
2019/5/9, 37, 22, 21, 6, 2, 
2019/5/10, 32, 21, 36, 7, 1, 
2019/5/11, 47, 15, 36, 5, 1, 
2019/5/12, 52, 19, 40, 6, 1, 
2019/5/13, 59, 22, 42, 6, 1, 
2019/5/14, 52, 27, 50, 8, 1, 
2019/5/15, 59, 29, 47, 6, 1, 
2019/5/16, 60, 31, 39, 3, 1, 
2019/5/17, 51, 23, 37, 7, 1, 
2019/5/18, 31, 11, 39, 4, 1, 
2019/5/19, 30, 14, 39, 6, 1, 
2019/5/20, 24, 18, 34, 10, 1, 
2019/5/21, 47, 16, 38, 9, 2, 
2019/5/22, 44, 18, 39, 12, 1, 
2019/5/23, 53, 18, 31, 11, 1, 
2019/5/24, 57, 16, 35, 8, 1, 
2019/5/25, 56, 11, 31, 7, 1, 
2019/5/26, 42, 13, 39, 12, 1, 
2019/5/27, 48, 23, 30, 13, 1, 
2019/5/28, 60, 22, 32, 9, 1, 
2019/5/29, 46, 23, 33, 11, 1, 
2019/5/30, 46, 30, 31, 14, 1, 
2019/5/31, 55, 23, 40, 10, 1, 
2019/6/1, 49, 15, 43, 6, , 
2019/6/2, 38, 18, 43, 11, , 
2019/6/3, 47, 24, 41, 8, 2, 
2019/6/4, 59, 37, 38, 9, 2, 
2019/6/5, 76, 38, 36, 6, 1, 
2019/6/6, 53, 29, 39, 7, 2, 
2019/6/7, 58, 30, 34, 4, 2, 
2019/6/8, 56, 29, 40, 6, 1, 
2019/6/9, 60, 26, 39, 11, 2, 
2019/6/10, 58, 24, 33, 7, 2, 
2019/6/11, 54, 18, 38, 6, 1, 
2019/6/12, 34, 18, 37, 3, , 
2019/6/13, 41, 22, 39, 11, 1, 
2019/6/14, 51, 29, 40, 6, 1, 
2019/6/15, 44, 28, 37, 5, 1, 
2019/6/16, 57, 24, 39, 8, 1, 
2019/6/17, 64, 29, 38, 7, 1, 
2019/6/18, 58, 29, 15, 10, 1, 
2019/6/19, 60, , , , , 
2019/6/20, 73, , 28, , 1, 
2019/6/21, 60, , , , , 
2019/6/22, 55, , , , , 
2019/6/23, 56, 21, 39, 2, 1, 
2019/6/24, 52, 26, 29, 8, 2, 
2019/6/25, 69, 37, 36, 6, 1, 
2019/6/26, 80, 30, 38, 15, 1, 
2019/6/27, 66, 29, 38, 17, 1, 
2019/6/28, 58, 27, 46, 14, 1, 
2019/6/29, 58, 22, 46, 8, 1, 
2019/6/30, 55, 26, 36, 10, 1, 
2019/1/1, 63, 18, 14, 4, 3, 
2019/1/2, 61, 17, 13, 9, 1, 
2019/1/3, 62, 25, 11, 19, 3, 
2019/1/4, 73, 28, 13, 8, 1, 
2019/1/5, 71, , 13, 10, 3, 
2019/1/6, 59, , , , , 
2019/1/7, 59, , , , , 
2019/1/8, 72, , , , , 
2019/1/9, 62, , , , , 
2019/1/10, 37, 37, 17, 29, 2, 
2019/1/11, 55, 39, 19, 23, 1, 
2019/1/12, 68, 25, 19, 15, 2, 
2019/1/13, 64, 25, 13, 24, 1, 
2019/1/14, 59, 35, 13, 23, 1, 
2019/1/15, 67, 40, 11, 26, 2, 
2019/1/16, 94, 50, 1, 28, 2, 
2019/1/17, 114, 55, 12, 26, 2, 
2019/1/18, 92, 40, 20, 17, 1, 
2019/1/19, 66, 20, 16, 14, 2, 
2019/1/20, 58, 19, 26, 17, 1, 
2019/1/21, 46, 30, 27, 14, 1, 
2019/1/22, 46, 36, 30, 9, 1, 
2019/1/23, 41, 44, 32, 5, 1, 
2019/1/24, 35, 43, 25, 11, , 
2019/1/25, 33, 40, 21, 12, 1, 
2019/1/26, 40, 43, , , , 
2019/1/27, 29, , 17, 14, 1, 
2019/1/28, 33, 40, 25, 8, 1, 
2019/1/29, 41, 42, 23, 15, 1, 
2019/1/30, 38, 40, 24, 10, 1, 
2019/1/31, 42, 48, 39, 7, , 
2019/2/1, 41, 39, 37, 4, 1, 
2019/2/2, 27, 32, 34, 1, 1, 
2019/2/3, 39, 45, 23, 21, 1, 
2019/2/4, 46, 40, 20, 23, 2, 
2019/2/5, 63, 44, 17, 24, 1, 
2019/2/6, 68, 41, 19, 22, 1, 
2019/2/7, 76, 47, 19, 26, 2, 
2019/2/8, 92, 46, 21, 21, 2, 
2019/2/9, 110, 39, 27, 11, 2, 
2019/2/10, 94, 22, 22, 19, 1, 
2019/2/11, 53, 27, 23, 19, 2, 
2019/2/12, 56, 33, 25, 22, 2, 
2019/2/13, 66, 35, 33, 22, 1, 
2019/2/14, 68, 37, 28, 19, 1, 
2019/2/15, 80, 42, 38, 14, 1, 
2019/2/16, 92, 26, 39, 9, 1, 
2019/2/17, 73, 26, 36, 18, 1, 
2019/2/18, 74, 37, 36, 17, 2, 
2019/2/19, 88, 43, 35, 20, 1, 
2019/2/20, 88, 51, 35, 24, 2, 
2019/2/21, 109, 55, 24, 26, 1, 
2019/2/22, 106, 56, 32, 21, 1, 
2019/2/23, 98, 50, 43, 15, 1, 
2019/2/24, 101, 36, 32, 20, 1, 
2019/2/25, 86, 38, 24, 25, 2, 
2019/2/26, 76, 48, 32, 28, 2, 
2019/2/27, 82, 52, 28, 28, 2, 
2019/2/28, 70, 46, 34, 21, 1, 
2019/3/1, 77, 38, 41, 14, 1, 
2019/3/2, 74, 31, 38, 14, 2, 
2019/3/3, 63, 38, 24, 13, 1, 
2019/3/4, 53, 45, 35, 13, 1, 
2019/3/5, 65, 43, 31, 16, 1, 
2019/3/6, 87, 39, 30, 9, 1, 
2019/3/7, 53, 23, 34, 16, 1, 
2019/3/8, 43, 18, 40, 12, 1, 
2019/3/9, 48, 19, 34, 11, 2, 
2019/3/10, 54, 20, 32, 15, 1, 
2019/3/11, 54, 25, 33, 18, 1, 
2019/3/12, 61, 36, 31, 18, 1, 
2019/3/13, 74, 32, 34, 15, 1, 
2019/3/14, 49, 34, 31, 20, 1, 
2019/3/15, 55, 31, 39, 15, 2, 
2019/3/16, 73, 34, 46, 11, 1, 
2019/3/17, 83, 19, 35, 6, 1, 
2019/3/18, 47, 15, 39, 6, 1, 
2019/3/19, 43, 12, 34, 8, 1, 
2019/3/20, 44, 13, 46, 10, 1, 
2019/3/21, 46, 19, 51, 10, 1, 
2019/3/22, 53, 24, 47, 13, 3, 
2019/3/23, 66, 25, 44, 11, 2, 
2019/3/24, 69, 28, 40, 17, 2, 
2019/3/25, 61, 34, 42, 12, 1, 
2019/3/26, 65, 28, 44, 12, 1, 
2019/3/27, 57, 27, 42, 12, 1, 
2019/3/28, 53, 24, 49, 10, 2, 
2019/3/29, 55, 21, 49, 6, 1, 
2019/3/30, 58, 15, 43, 4, 1, 
2019/3/31, 54, 14, 38, 11, 1, 
2018/10/1, 52, 22, 33, 18, 2, 
2018/10/2, 39, 29, 29, 17, 2, 
2018/10/3, 39, 30, 36, 14, 2, 
2018/10/4, 42, 24, 33, 12, 2, 
2018/10/5, 42, 21, 37, 13, 3, 
2018/10/6, 50, 21, 30, 7, 2, 
2018/10/7, 51, 15, 29, 10, 2, 
2018/10/8, 27, 9, 29, 5, 1, 
2018/10/9, 22, 10, 31, 30, 1, 
2018/10/10, 35, 20, 26, 37, 2, 
2018/10/11, 60, 22, 27, 22, 2, 
2018/10/12, 60, 20, 33, 12, 2, 
2018/10/13, 60, 19, 24, 14, 2, 
2018/10/14, 59, 11, 23, 31, 2, 
2018/10/15, 33, 13, 32, 22, 2, 
2018/10/16, 29, 15, 32, 21, 3, 
2018/10/17, 40, 20, 16, 28, 2, 
2018/10/18, 59, 10, 21, 24, 1, 
2018/10/19, 39, 11, 29, 11, 2, 
2018/10/20, 55, 23, 35, 20, 3, 
2018/10/21, 71, 28, 28, 26, 1, 
2018/10/22, 74, 31, 23, 31, 2, 
2018/10/23, 82, 29, 20, 36, 2, 
2018/10/24, 73, 28, 12, 42, 4, 
2018/10/25, 63, 30, 12, 44, 4, 
2018/10/26, 71, 25, 17, 16, 2, 
2018/10/27, 59, 8, 23, 4, 2, 
2018/10/28, 27, 8, 25, 17, 2, 
2018/10/29, 21, 10, 18, 21, 3, 
2018/10/30, 34, 9, 18, 33, 2, 
2018/10/31, 34, 8, 20, 24, 2, 
2018/11/1, 31, 10, 9, 45, 5, 
2018/11/2, 49, 16, 23, 31, 2, 
2018/11/3, 55, 13, 22, 21, 1, 
2018/11/4, 46, 16, 10, 48, 3, 
2018/11/5, 58, 15, 23, 17, 2, 
2018/11/6, 39, 13, 23, 24, 2, 
2018/11/7, 32, 15, 14, 18, 2, 
2018/11/8, 35, 13, 25, 16, 2, 
2018/11/9, 36, 8, 20, 20, 1, 
2018/11/10, 24, 12, 6, 37, 2, 
2018/11/11, 37, 17, 22, 25, 2, 
2018/11/12, 59, 25, 23, 21, 2, 
2018/11/13, 72, 28, 24, 16, 2, 
2018/11/14, 76, 22, 19, 16, 1, 
2018/11/15, 67, 18, 15, 17, 3, 
2018/11/16, 63, 19, 19, 15, 2, 
2018/11/17, 64, 15, 23, 7, 2, 
2018/11/18, 55, 10, 22, 16, 1, 
2018/11/19, 46, 12, 15, 20, 1, 
2018/11/20, 55, 10, 8, 21, 1, 
2018/11/21, 43, 10, 15, 14, 2, 
2018/11/22, 44, 16, 4, 26, 1, 
2018/11/23, 50, 13, 19, 16, 3, 
2018/11/24, 38, 8, 25, 5, 2, 
2018/11/25, 28, 6, 25, 5, 4, 
2018/11/26, 20, 12, 19, 5, 2, 
2018/11/27, 29, 20, 13, 5, 3, 
2018/11/28, 43, 25, 9, 11, 4, 
2018/11/29, 58, 25, 19, 9, 1, 
2018/11/30, 56, 19, 17, 9, 1, 
2018/12/1, 46, 21, 4, 7, 1, 
2018/12/2, 47, , , , , 
2018/12/3, 55, 28, 6, 26, 3, 
2018/12/4, 55, 32, 4, 25, 3, 
2018/12/5, 81, 33, 8, 19, 2, 
2018/12/6, 79, 26, 7, 19, 1, 
2018/12/7, 79, 30, 14, 13, 2, 
2018/12/8, 75, 18, 15, 10, 2, 
2018/12/9, 56, 21, 18, 14, 2, 
2018/12/10, 61, 35, 6, 17, 2, 
2018/12/11, 82, 45, 13, 11, 1, 
2018/12/12, 82, 32, 26, 15, 1, 
2018/12/13, 62, 14, 29, 3, 1, 
2018/12/14, 36, 14, 20, 1, 2, 
2018/12/15, 32, 11, 23, 3, 1, 
2018/12/16, 34, 15, 14, 5, 2, 
2018/12/17, 44, 27, 12, 4, 2, 
2018/12/18, 64, 31, 20, 5, 2, 
2018/12/19, 56, 27, 13, 4, 2, 
2018/12/20, 49, 28, 10, 2, 2, 
2018/12/21, 49, 17, 13, 1, 1, 
2018/12/22, 43, 13, 13, 6, 1, 
2018/12/23, 56, 22, 5, 8, 3, 
2018/12/24, 61, 26, 11, 7, 5, 
2018/12/25, 65, 25, 10, 7, 1, 
2018/12/26, 80, 30, 13, 11, 2, 
2018/12/27, 89, 34, 10, 9, 1, 
2018/12/28, 88, 29, 15, 7, 1, 
2018/12/29, 86, 23, 18, 3, 1, 
2018/12/30, 70, , , , , 
2018/7/1, 55, 32, 41, 11, 1, 
2018/7/2, 56, 33, 48, 11, 2, 
2018/7/3, 59, 33, 52, 8, 1, 
2018/7/4, 69, 31, 45, 14, 2, 
2018/7/5, 49, 26, 45, 9, 1, 
2018/7/6, 54, 23, 43, 4, 1, 
2018/7/7, 53, 19, 45, 4, 1, 
2018/7/8, 47, 32, 50, 12, 1, 
2018/7/9, 48, 29, 50, 8, 1, 
2018/7/10, 51, 28, 40, 7, , 
2018/7/11, 60, 28, 41, 5, 1, 
2018/7/12, 62, 25, 38, 4, 1, 
2018/7/13, 57, 27, 35, 6, , 
2018/7/14, 60, 32, 40, 6, 1, 
2018/7/15, 68, 32, 37, 11, 1, 
2018/7/16, 47, 27, 34, 15, 2, 
2018/7/17, 47, 27, 35, 10, 2, 
2018/7/18, 52, 29, 35, 10, 1, 
2018/7/19, 57, 34, 34, 11, 1, 
2018/7/20, 63, 28, 35, 6, 1, 
2018/7/21, 61, 19, 37, 6, 1, 
2018/7/22, 47, 20, 33, 11, 1, 
2018/7/23, 44, 27, 37, 13, , 
2018/7/24, 58, 27, 33, 8, 1, 
2018/7/25, 59, 32, 36, 14, 2, 
2018/7/26, 72, 30, 27, 13, , 
2018/7/27, 64, 33, 37, 12, 1, 
2018/7/28, 69, 30, 39, 5, 1, 
2018/7/29, 70, 31, 33, 13, 1, 
2018/7/30, 71, 30, 31, 14, 3, 
2018/7/31, 67, 28, 32, 12, 1, 
2018/8/1, 65, 30, 32, 22, 2, 
2018/8/2, 59, 33, 39, 18, , 
2018/8/3, 63, 27, 44, 13, , 
2018/8/4, 59, 23, 54, 10, 1, 
2018/8/5, 54, 30, 45, 17, 2, 
2018/8/6, 68, 30, 44, 21, 2, 
2018/8/7, 65, 27, 32, 14, 2, 
2018/8/8, 62, 26, 32, 10, 2, 
2018/8/9, 60, 23, 31, 5, 3, 
2018/8/10, 52, 20, 32, 7, 1, 
2018/8/11, 54, 22, 28, 8, 1, 
2018/8/12, 63, 25, 39, 9, 2, 
2018/8/13, 66, 28, 28, 9, 2, 
2018/8/14, 65, 17, 26, 4, 1, 
2018/8/15, 44, 19, 26, 15, 1, 
2018/8/16, 52, 16, 38, 9, 2, 
2018/8/17, 44, 13, 30, 6, 2, 
2018/8/18, 38, 13, 35, 7, 7, 
2018/8/19, 41, 23, 41, 16, 2, 
2018/8/20, 44, 22, 44, 16, 3, 
2018/8/21, 46, 21, 46, 11, 2, 
2018/8/22, 49, 22, 39, 14, 2, 
2018/8/23, 54, 20, 35, 15, 1, 
2018/8/24, 49, 19, 32, 6, 1, 
2018/8/25, 53, 19, 35, 4, 1, 
2018/8/26, 51, 23, 29, 8, 1, 
2018/8/27, 60, 23, 26, 9, 1, 
2018/8/28, 57, 21, 29, 8, 1, 
2018/8/29, 53, 17, 28, 9, 3, 
2018/8/30, 52, 20, 33, 9, 2, 
2018/8/31, 56, 19, 34, 6, 1, 
2018/9/1, 53, 18, 34, 4, 1, 
2018/9/2, 53, 22, 23, 11, 1, 
2018/9/3, 60, 26, 34, 10, 1, 
2018/9/4, 63, 25, 23, 14, 2, 
2018/9/5, 62, 22, 33, 11, 3, 
2018/9/6, 61, 19, 34, 12, 2, 
2018/9/7, 60, 19, 30, 11, 1, 
2018/9/8, 60, 16, 31, 7, 1, 
2018/9/9, 55, 17, 34, 10, 1, 
2018/9/10, 54, 17, 31, 10, 1, 
2018/9/11, 53, 22, 29, 12, 2, 
2018/9/12, 61, 26, 19, 8, 2, 
2018/9/13, 64, , , , , 
2018/9/14, 59, , , , , 
2018/9/15, 47, , 34, , 3, 
2018/9/16, 37, 14, 28, 11, 1, 
2018/9/17, 49, 15, 29, 18, 3, 
2018/9/18, 53, 16, 32, 10, 2, 
2018/9/19, 52, 21, 29, 17, 2, 
2018/9/20, 63, 25, 33, 19, 2, 
2018/9/21, 69, 26, 36, 13, 2, 
2018/9/22, 68, 27, 15, 16, 2, 
2018/9/23, 65, , 25, 17, 2, 
2018/9/24, 50, 19, 26, 8, 2, 
2018/9/25, 38, 23, 34, 9, 2, 
2018/9/26, 55, 20, 35, 12, 1, 
2018/9/27, 49, 21, 31, 21, 2, 
2018/9/28, 57, 22, 41, 15, 1, 
2018/9/29, 59, 18, 39, 9, 2, 
2018/9/30, 52, 18, 32, 17, 2, 
2018/4/1, 21, 13, 41, 5, 2, 
2018/4/2, 34, 26, 29, 17, 2, 
2018/4/3, 56, 23, 32, 7, 2, 
2018/4/4, 31, 17, 31, 13, 2, 
2018/4/5, 25, 21, 37, 12, 1, 
2018/4/6, 45, 28, 30, 11, , 
2018/4/7, 63, 15, 32, 2, 1, 
2018/4/8, 39, 6, 40, 3, , 
2018/4/9, 18, 15, 29, 13, , 
2018/4/10, 21, 12, 33, 9, 1, 
2018/4/11, 17, 17, 33, 8, 2, 
2018/4/12, 24, 20, 36, 12, 1, 
2018/4/13, 33, 20, 39, 7, 1, 
2018/4/14, 51, 18, 33, 5, 1, 
2018/4/15, 54, 21, 33, 10, 2, 
2018/4/16, 30, 25, 31, 15, 1, 
2018/4/17, 35, 28, 33, 14, 1, 
2018/4/18, 53, 38, 44, 12, 1, 
2018/4/19, 73, 43, 40, 9, , 
2018/4/20, 87, 42, 40, 15, 1, 
2018/4/21, 85, 38, 36, 8, 1, 
2018/4/22, 76, 43, 35, 15, 1, 
2018/4/23, 75, 50, 41, 18, 2, 
2018/4/24, 81, 49, 37, 17, 1, 
2018/4/25, 73, 46, 29, 15, 1, 
2018/4/26, 74, 46, 35, 17, 1, 
2018/4/27, 84, 44, 38, 7, 1, 
2018/4/28, 101, 27, 35, 2, 1, 
2018/4/29, 71, 10, 35, 6, 1, 
2018/4/30, 21, 7, 38, 3, 1, 
2018/5/1, 20, 22, 35, 14, 2, 
2018/5/2, 36, 25, 27, 10, 1, 
2018/5/3, 32, 21, 26, 10, 1, 
2018/5/4, 28, 19, 38, 11, 2, 
2018/5/5, 45, 21, 40, 6, 1, 
2018/5/6, 56, 37, 37, 15, , 
2018/5/7, 74, 46, 33, 21, 1, 
2018/5/8, 79, 40, 40, 12, 1, 
2018/5/9, 83, 43, 33, 12, 2, 
2018/5/10, 102, 42, 38, 9, 1, 
2018/5/11, 69, 40, 33, 10, 2, 
2018/5/12, 81, 22, 37, 2, 1, 
2018/5/13, 47, 39, 33, 11, 1, 
2018/5/14, 47, 32, 36, 8, 1, 
2018/5/15, 33, 30, 34, 14, 1, 
2018/5/16, 44, 29, 42, 12, 1, 
2018/5/17, 42, 37, 45, 15, 1, 
2018/5/18, 63, 33, 47, 10, 1, 
2018/5/19, 70, 29, 48, 8, 1, 
2018/5/20, 67, 38, 46, 16, 2, 
2018/5/21, 77, 37, 44, 16, 1, 
2018/5/22, 73, 38, 41, 12, 1, 
2018/5/23, 84, 34, 40, 11, 1, 
2018/5/24, 66, 33, 38, 9, 1, 
2018/5/25, 58, 41, 17, 7, 1, 
2018/5/26, 66, 41, 36, 13, 2, 
2018/5/27, 67, , , , , 
2018/5/29, 65, 22, 33, 10, 1, 
2018/5/30, 50, 21, 32, 13, 1, 
2018/5/31, 51, 23, 31, 8, 1, 
2018/6/1, 55, 21, 26, 7, 1, 
2018/6/2, 58, 14, 31, 3, 1, 
2018/6/3, 45, 17, 23, 11, 1, 
2018/6/4, 46, 13, 26, 8, 1, 
2018/6/5, 21, 13, 28, 9, 1, 
2018/6/6, 24, 14, 30, 10, 1, 
2018/6/7, 30, 21, 35, 12, 1, 
2018/6/8, 49, 25, 36, 8, 1, 
2018/6/9, 64, 20, 33, 5, 1, 
2018/6/10, 54, 18, 25, 9, , 
2018/6/11, 38, 21, 34, 10, 1, 
2018/6/12, 25, 21, 39, 7, 1, 
2018/6/13, 28, 26, 35, 12, 1, 
2018/6/14, 37, 30, 49, 14, 2, 
2018/6/15, 49, 25, 45, 5, 2, 
2018/6/16, 55, 20, 47, 6, 1, 
2018/6/17, 46, 21, 36, 8, 1, 
2018/6/18, 38, 25, 35, 11, 1, 
2018/6/19, 44, 27, 36, 11, 2, 
2018/6/20, 44, 30, 48, 11, 2, 
2018/6/21, 41, 39, 45, 14, 2, 
2018/6/22, 56, 25, 51, 7, 1, 
2018/6/23, 48, 20, 50, 4, 1, 
2018/6/24, 43, 25, 48, 9, 1, 
2018/6/25, 54, 26, 50, 7, 2, 
2018/6/26, 56, 24, 51, 6, , 
2018/6/27, 50, 31, 51, 10, , 
2018/6/28, 58, 25, 45, 5, 1, 
2018/6/29, 57, 19, 50, 3, 2, 
2018/6/30, 47, 23, 49, 2, 1, 
2018/1/1, 18, 13, 20, 7, 2, 
2018/1/2, 25, 16, 15, 7, 3, 
2018/1/3, 27, 17, 14, 4, 1, 
2018/1/4, 23, 16, 21, 5, 1, 
2018/1/5, 26, 15, 22, 5, 1, 
2018/1/6, 48, 8, 22, 6, 4, 
2018/1/7, 25, 20, 17, 9, 2, 
2018/1/8, 48, 24, 17, 9, 1, 
2018/1/9, 49, 15, 22, 5, 2, 
2018/1/10, 23, 17, 26, 5, 1, 
2018/1/11, 20, 25, 16, 10, 3, 
2018/1/12, 32, 17, 22, 7, 3, 
2018/1/13, 44, 8, 24, 4, 1, 
2018/1/14, 23, 25, 20, 7, 1, 
2018/1/15, 33, 33, 17, 6, 2, 
2018/1/16, 37, 33, 22, 6, 4, 
2018/1/17, 39, 34, 23, 6, 4, 
2018/1/18, 52, 46, 12, 4, 2, 
2018/1/19, 67, 19, 19, , 2, 
2018/1/20, 32, 10, 24, , 1, 
2018/1/21, 19, 35, 13, , 2, 
2018/1/22, 39, 35, 13, 18, 2, 
2018/1/23, 52, 42, 13, 15, 1, 
2018/1/24, 73, 57, 13, 15, 2, 
2018/1/25, 125, 9, 25, 8, 1, 
2018/1/26, 21, 8, 25, 5, 2, 
2018/1/27, 20, 14, 25, 2, 1, 
2018/1/28, 43, 26, 18, 13, 2, 
2018/1/29, 64, 31, 18, 15, 2, 
2018/1/30, 72, 33, 21, 14, 1, 
2018/1/31, 76, 35, 15, 13, 1, 
2018/2/1, 76, 10, 25, 6, 1, 
2018/2/2, 23, 5, 25, 4, , 
2018/2/3, 14, 7, 21, 3, , 
2018/2/4, 28, 16, 20, 11, 1, 
2018/2/5, 48, 7, 20, 6, 2, 
2018/2/6, 29, 10, 23, 7, 2, 
2018/2/7, 28, 14, 25, 8, 2, 
2018/2/8, 30, 22, 23, 13, 1, 
2018/2/9, 38, 6, 31, 2, 1, 
2018/2/10, 14, 7, 25, 3, , 
2018/2/11, 20, 15, 14, 11, , 
2018/2/12, 30, 14, 24, 9, 2, 
2018/2/13, 25, 13, 21, 4, 1, 
2018/2/14, 20, 24, 19, 13, 2, 
2018/2/15, 39, 35, 11, 17, 1, 
2018/2/16, 77, 35, 15, 13, 1, 
2018/2/17, 87, 18, 26, 5, , 
2018/2/18, 53, 25, 23, 13, 1, 
2018/2/19, 57, 22, 26, 7, 1, 
2018/2/20, 37, 20, 28, 9, 1, 
2018/2/21, 28, 30, 25, 21, 2, 
2018/2/22, 59, 41, 29, 25, 2, 
2018/2/23, 71, 35, 36, 16, 1, 
2018/2/24, 77, 29, 35, 14, 1, 
2018/2/25, 80, 35, 33, 24, 2, 
2018/2/26, 71, 26, 27, 11, 1, 
2018/2/27, 60, 16, 22, 18, 2, 
2018/2/28, 48, 41, 28, 21, 1, 
2018/3/1, 105, 24, 29, 21, , 
2018/3/2, 65, 15, 33, 11, , 
2018/3/3, 41, 12, 30, 12, 1, 
2018/3/4, 35, 9, 33, 13, 1, 
2018/3/5, 23, 12, 28, 11, , 
2018/3/6, 17, 15, 30, 14, 2, 
2018/3/7, 20, 17, 26, 19, 1, 
2018/3/8, 40, 20, 26, 21, 1, 
2018/3/9, 50, 16, 28, 11, 1, 
2018/3/10, 36, 10, 34, 2, 1, 
2018/3/11, 23, 15, 31, 8, 1, 
2018/3/12, 21, 18, 27, 16, 1, 
2018/3/13, 37, 29, 21, 28, 2, 
2018/3/14, 54, 28, 33, 10, 1, 
2018/3/15, 38, 25, 31, 10, 1, 
2018/3/16, 22, 15, 30, 6, 1, 
2018/3/17, 20, 7, 36, 5, 1, 
2018/3/18, 18, 9, 30, 5, 1, 
2018/3/19, 23, 8, 31, 5, 1, 
2018/3/20, 20, 18, 36, 10, 2, 
2018/3/21, 41, 26, 35, 15, 1, 
2018/3/22, 39, 41, 34, 18, 1, 
2018/3/23, 47, 22, 36, 1, 1, 
2018/3/24, 18, 8, 33, 7, , 
2018/3/25, 15, 20, 32, 16, 2, 
2018/3/26, 24, 30, 28, 23, 1, 
2018/3/27, 35, 40, 28, 17, 2, 
2018/3/28, 41, 27, 27, 12, 1, 
2018/3/29, 37, 21, 36, 2, 2, 
2018/3/30, 28, 20, 39, 2, 1, 
2018/3/31, 19, 11, 38, 5, 2, 
2017/10/1, 26, 13, 25, 10, 2, 
2017/10/2, 24, 11, 25, 10, 2, 
2017/10/3, 23, 8, 19, 9, 1, 
2017/10/4, 16, 17, 21, 13, 2, 
2017/10/5, 38, 18, 28, 17, 2, 
2017/10/6, 32, 10, 25, 7, , 
2017/10/7, 30, 7, 29, 7, 3, 
2017/10/8, 22, 8, 34, 4, 1, 
2017/10/9, 23, 15, 32, 9, 2, 
2017/10/10, 36, 16, 34, 8, 1, 
2017/10/11, 38, 15, 37, 5, 2, 
2017/10/12, 52, 15, 35, 8, 2, 
2017/10/13, 52, 16, 37, 5, 1, 
2017/10/14, 53, 11, 31, 5, 1, 
2017/10/15, 37, 11, 27, 12, , 
2017/10/16, 28, 15, 34, 9, 2, 
2017/10/17, 35, 16, 16, 13, 2, 
2017/10/18, 33, 6, 23, 12, 2, 
2017/10/19, 9, 7, 24, 15, 1, 
2017/10/20, 12, 6, 25, 8, 2, 
2017/10/21, 16, 6, 27, 6, 1, 
2017/10/22, 16, 10, 26, 8, 1, 
2017/10/23, 16, 15, 23, 14, 2, 
2017/10/24, 22, 16, 19, 20, 4, 
2017/10/25, 31, 21, 28, 17, 1, 
2017/10/26, 52, 21, 22, 21, 2, 
2017/10/27, 34, 10, 30, 9, 2, 
2017/10/28, 22, 8, 29, 7, 3, 
2017/10/29, 22, 18, 24, 12, 2, 
2017/10/30, 29, 15, 27, 9, 1, 
2017/10/31, 29, 12, 31, 5, 3, 
2017/11/1, 35, 18, 22, 11, 1, 
2017/11/2, 39, 23, 26, 13, 2, 
2017/11/3, 53, 15, 21, 9, 1, 
2017/11/4, 36, 8, 30, 2, 3, 
2017/11/5, 8, 22, 30, 4, 2, 
2017/11/6, 14, 23, 22, 14, 2, 
2017/11/7, 21, 24, 28, 12, 2, 
2017/11/8, 23, 19, 26, 10, 3, 
2017/11/9, 15, 36, 22, 17, 2, 
2017/11/10, 32, 20, 25, 14, 3, 
2017/11/11, 28, 21, 23, 7, 2, 
2017/11/12, 29, 51, 32, 6, 2, 
2017/11/13, 33, 38, 22, 18, 1, 
2017/11/14, 41, 70, 15, 22, 4, 
2017/11/15, 75, 55, 23, 18, 3, 
2017/11/16, 70, 63, 21, 24, 3, 
2017/11/17, 109, 48, 23, 16, 1, 
2017/11/18, 96, 35, 30, 8, 1, 
2017/11/19, 87, 56, 13, 18, 3, 
2017/11/20, 96, 60, 9, 20, 2, 
2017/11/21, 86, , , , , 
2017/11/23, 80, 67, 11, 20, 2, 
2017/11/24, 69, 47, 16, 12, 1, 
2017/11/25, 59, 16, 25, 7, 1, 
2017/11/26, 27, 42, 14, 13, 2, 
2017/11/27, 51, 55, 7, 18, 3, 
2017/11/28, 80, 23, 7, 14, 3, 
2017/11/29, 65, 20, 15, 10, 2, 
2017/11/30, 29, 20, 31, 7, 3, 
2017/12/1, 24, 10, 28, 1, 1, 
2017/12/2, 13, 7, 26, 5, 1, 
2017/12/3, 20, 37, 15, 16, 3, 
2017/12/4, 50, 39, 13, 16, 2, 
2017/12/5, 61, 28, 23, 11, 2, 
2017/12/6, 68, 41, 12, 17, 4, 
2017/12/7, 88, 34, 15, 10, 2, 
2017/12/8, 72, 22, 13, 8, 2, 
2017/12/9, 62, 24, 25, 1, 2, 
2017/12/10, 38, 34, 26, 6, 1, 
2017/12/11, 27, 31, 20, 7, 1, 
2017/12/12, 32, 38, 12, 9, 2, 
2017/12/13, 42, 43, 16, 3, , 
2017/12/14, 38, 25, 18, 5, 1, 
2017/12/15, 27, 14, 23, 6, 4, 
2017/12/16, 26, 11, 23, 5, 2, 
2017/12/17, 24, 38, 17, 9, 2, 
2017/12/18, 40, 26, 14, 8, 2, 
2017/12/19, 47, 47, 9, 7, 3, 
2017/12/20, 75, 47, 16, 3, 2, 
2017/12/21, 77, 50, 7, , 5, 
2017/12/22, 73, 25, 12, , 2, 
2017/12/23, 58, 22, 17, , 1, 
2017/12/24, 62, 20, 16, , 1, 
2017/12/25, 58, 21, 22, , 1, 
2017/12/26, 37, 33, 27, 5, 1, 
2017/12/27, 24, 10, 20, 9, 2, 
2017/12/28, 20, 14, 16, 12, 2, 
2017/12/29, 28, 8, 18, 4, 1, 
2017/12/30, 19, , , , , 
2017/7/1, 14, 6, 32, 4, , 
2017/7/2, 15, 9, 30, 12, 1, 
2017/7/3, 18, 7, 27, 8, , 
2017/7/4, 14, 7, 30, 6, , 
2017/7/5, 19, 12, 27, 12, , 
2017/7/6, 32, 15, 27, 12, , 
2017/7/7, 36, 21, 41, 5, , 
2017/7/8, 44, 13, 49, 5, , 
2017/7/9, 31, 19, 39, 12, 1, 
2017/7/10, 46, 18, 37, 5, , 
2017/7/11, 45, 17, 33, , , 
2017/7/12, 45, 21, 24, , , 
2017/7/13, 55, 18, 16, , 1, 
2017/7/14, 43, 15, 24, , , 
2017/7/15, 36, 10, 33, , , 
2017/7/16, 25, 11, 33, 6, , 
2017/7/17, 25, 13, 32, 9, 1, 
2017/7/18, 30, 17, 33, 6, , 
2017/7/19, 39, 25, 26, 10, , 
2017/7/20, 55, 20, 24, 5, , 
2017/7/21, 48, 20, 23, 6, , 
2017/7/22, 47, 18, 26, 2, , 
2017/7/23, 45, 15, 24, 8, , 
2017/7/24, 34, 8, 26, 6, 1, 
2017/7/25, 13, 11, 34, 10, , 
2017/7/26, 20, 17, 35, 13, , 
2017/7/27, 33, 21, 26, 8, 1, 
2017/7/28, 50, 21, 20, 6, , 
2017/7/29, 51, 15, 26, 4, , 
2017/7/30, 40, 24, 19, 5, 1, 
2017/7/31, 60, 31, 18, 11, , 
2017/8/1, 69, 32, 14, 14, , 
2017/8/2, 59, 24, 27, 14, , 
2017/8/3, 40, 26, 24, 15, , 
2017/8/4, 46, 29, 27, 9, , 
2017/8/5, 61, 26, 17, 2, , 
2017/8/6, 53, 31, 17, 6, , 
2017/8/7, 59, 23, 23, 10, 1, 
2017/8/8, 40, 19, 23, 3, , 
2017/8/9, 25, 7, 28, 4, , 
2017/8/10, 10, 6, 31, 6, 2, 
2017/8/11, 14, 8, 34, 2, 1, 
2017/8/12, 18, 9, 32, 1, 1, 
2017/8/13, 20, 9, 31, 4, 1, 
2017/8/14, 23, 10, 31, 2, 1, 
2017/8/15, 25, 24, 25, 6, 2, 
2017/8/16, 44, 32, 25, 5, 1, 
2017/8/17, 56, 21, 20, 5, , 
2017/8/18, 46, 18, 19, 4, 1, 
2017/8/19, 34, 17, 20, 2, 1, 
2017/8/20, 35, 16, 24, 8, , 
2017/8/21, 27, 16, 29, 10, 3, 
2017/8/22, 27, 14, 27, 7, 2, 
2017/8/23, 28, 14, 29, 7, 1, 
2017/8/24, 29, 15, 34, 6, 3, 
2017/8/25, 34, 19, 24, 3, 1, 
2017/8/26, 50, 22, 24, 4, 3, 
2017/8/27, 55, 22, 16, 8, 3, 
2017/8/28, 55, 11, 9, 13, 1, 
2017/8/29, 31, 10, 16, 11, 1, 
2017/8/30, 24, 13, 23, 10, 3, 
2017/8/31, 32, 11, 27, 7, 2, 
2017/9/1, 26, 8, 32, 4, 1, 
2017/9/2, 20, 9, 32, 3, 1, 
2017/9/3, 23, 16, 35, 10, 3, 
2017/9/4, 40, 15, 32, 8, 1, 
2017/9/5, 37, , , , , 
2017/9/13, 22, , , , , 
2017/9/15, 34, , , , , 
2017/9/19, 19, 11, 37, 6, 1, 
2017/9/20, 24, 13, 34, 10, 2, 
2017/9/21, 32, 11, 34, 9, 2, 
2017/9/22, 22, 7, 37, 6, 1, 
2017/9/23, 22, 11, 36, 7, 1, 
2017/9/24, 31, 25, 40, 15, 2, 
2017/9/25, 36, 11, 39, 8, 9, 
2017/9/26, 30, 12, 32, 9, 1, 
2017/9/27, 30, 12, 31, 12, 1, 
2017/9/28, 26, 10, 33, 12, 1, 
2017/9/29, 24, 8, 38, 6, 1, 
2017/9/30, 28, 8, 35, 6, 1, 
2017/4/1, 24, 3, 41, 7, 1, 
2017/4/2, 7, 9, 37, 18, 1, 
2017/4/3, 9, 12, 37, 21, 2, 
2017/4/4, 17, 13, 33, 21, 3, 
2017/4/5, 18, 12, 42, 16, 2, 
2017/4/6, 16, 14, 41, 20, 3, 
2017/4/7, 24, 11, 54, 15, 2, 
2017/4/8, 24, 10, 46, 10, , 
2017/4/9, 23, 14, 44, 19, , 
2017/4/10, 26, 16, 36, 24, 2, 
2017/4/11, 24, 16, 46, 18, 1, 
2017/4/12, 24, 16, 13, 27, , 
2017/4/13, 30, , , , , 
2017/4/18, 41, 18, 39, 10, 2, 
2017/4/19, 27, 17, 41, 12, 1, 
2017/4/20, 20, 9, 50, 10, 3, 
2017/4/21, 15, 8, 52, 6, 3, 
2017/4/22, 15, 9, 51, 7, 2, 
2017/4/23, 20, 11, 53, 10, 1, 
2017/4/24, 20, 25, 44, 18, 2, 
2017/4/25, 45, 21, 38, 13, 1, 
2017/4/26, 42, 5, 26, 15, 2, 
2017/4/27, 14, 11, 38, 15, 3, 
2017/4/28, 24, 14, 41, 11, 2, 
2017/4/29, 19, 8, 43, 6, 2, 
2017/4/30, 22, 6, 38, 5, 2, 
2017/5/1, 9, 13, 41, 11, 1, 
2017/5/2, 16, 14, 41, 10, 2, 
2017/5/3, 23, 12, 27, 9, 3, 
2017/5/4, 25, 20, 41, 10, 2, 
2017/5/5, 32, 7, 39, 7, 3, 
2017/5/6, 11, 13, 45, 10, 3, 
2017/5/7, 18, 19, 46, 14, 6, 
2017/5/8, 24, 17, 43, 9, 6, 
2017/5/9, 27, 19, 40, 11, 6, 
2017/5/10, 25, 16, 36, 11, 3, 
2017/5/11, 19, 12, 33, 10, 6, 
2017/5/12, 9, 7, 36, 6, 5, 
2017/5/13, 9, 8, 41, 5, 4, 
2017/5/14, 11, 16, 34, 14, 6, 
2017/5/15, 21, 19, 32, 22, 9, 
2017/5/16, 28, 15, 38, 17, 7, 
2017/5/17, 21, 12, 34, 17, 4, 
2017/5/18, 19, 13, 37, 9, 1, 
2017/5/19, 15, 14, 42, 5, 2, 
2017/5/20, 13, 10, 40, 6, 1, 
2017/5/21, 15, 17, 38, 10, 2, 
2017/5/22, 21, 12, 41, 10, 1, 
2017/5/23, 24, 17, 41, 16, , 
2017/5/24, 26, 20, 41, 19, 2, 
2017/5/25, 25, 18, 44, 15, , 
2017/5/26, 24, 17, 47, 8, , 
2017/5/27, 39, 17, 47, 4, , 
2017/5/28, 35, 14, 43, 10, 1, 
2017/5/29, 26, 18, 41, 8, 1, 
2017/5/30, 31, 16, 41, 10, , 
2017/5/31, 34, 16, 38, 15, , 
2017/6/1, 36, 17, 31, 12, , 
2017/6/2, 35, 17, 35, 9, , 
2017/6/3, 43, 13, 33, 5, 1, 
2017/6/4, 30, 4, 33, 11, 1, 
2017/6/5, 10, 8, 37, 13, 1, 
2017/6/6, 18, 12, 35, 10, , 
2017/6/7, 22, 14, 33, 9, , 
2017/6/8, 28, 18, 32, 11, 3, 
2017/6/9, 37, 11, 35, 7, 1, 
2017/6/10, 24, 8, 39, 6, , 
2017/6/11, 20, 12, 35, 10, 1, 
2017/6/12, 20, 10, 40, 6, , 
2017/6/13, 22, 13, 45, , 1, 
2017/6/14, 23, 16, 44, , 2, 
2017/6/15, 33, 19, 37, 14, , 
2017/6/16, 42, 18, 44, 11, , 
2017/6/17, 38, 14, 43, 4, , 
2017/6/18, 26, 17, 43, 10, 1, 
2017/6/19, 34, 20, 40, 11, , 
2017/6/20, 36, 11, 38, 12, , 
2017/6/21, 20, 14, 37, 17, 1, 
2017/6/22, 20, 18, 44, 16, , 
2017/6/23, 28, 20, 41, 9, , 
2017/6/24, 40, 19, 31, 3, , 
2017/6/25, 41, 18, 34, 10, , 
2017/6/26, 37, 19, 36, 13, , 
2017/6/27, 31, 23, 25, 8, 2, 
2017/6/28, 14, 13, 36, 8, , 
2017/6/29, 12, 10, 35, 7, , 
2017/6/30, 18, 7, 34, 5, , 
2017/1/2, 28, 27, 6, 25, 1, 
2017/1/3, 65, 21, 12, 22, 1, 
2017/1/4, 49, 10, 16, 23, 1, 
2017/1/5, 24, 12, 26, 14, 1, 
2017/1/6, 39, , 20, 16, 1, 
2017/1/9, 68, 30, 34, 15, 1, 
2017/1/10, 47, 20, 29, 16, 1, 
2017/1/11, 29, 28, 13, 18, 1, 
2017/1/12, 49, 20, 30, 10, , 
2017/1/13, 35, 6, 34, 2, , 
2017/1/14, 12, 4, 36, 2, , 
2017/1/15, 8, 4, 32, 8, 1, 
2017/1/16, 7, 12, 30, 10, 1, 
2017/1/17, 21, 22, 26, 18, 1, 
2017/1/18, 37, 18, 34, 10, 1, 
2017/1/19, 39, 8, 29, 16, 1, 
2017/1/20, 28, 10, 36, 3, 1, 
2017/1/21, 32, 9, 37, 6, , 
2017/1/22, 28, 18, 24, 20, 1, 
2017/1/23, 37, 32, 10, 29, 2, 
2017/1/24, 58, 27, 19, 26, 2, 
2017/1/25, 55, 37, 19, 26, 1, 
2017/1/26, 82, 28, 24, 23, 1, 
2017/1/27, 70, 7, 32, 10, 1, 
2017/1/28, 21, 13, 25, 10, 2, 
2017/1/29, 35, 19, 18, 21, 2, 
2017/1/30, 44, 36, 12, 21, 2, 
2017/1/31, 89, 37, 10, 26, 1, 
2017/2/1, 80, 16, 22, 23, 1, 
2017/2/2, 46, 23, 30, 13, 1, 
2017/2/3, 43, 14, 34, 4, 1, 
2017/2/4, 30, 6, 40, , 1, 
2017/2/5, 11, 12, 29, 14, 2, 
2017/2/6, 20, 17, 22, 12, 1, 
2017/2/7, 27, 21, 39, 2, 1, 
2017/2/8, 27, 3, 35, 1, , 
2017/2/9, 9, 28, 29, 21, 2, 
2017/2/10, 51, 20, 32, 6, 1, 
2017/2/11, 49, 43, 34, 4, , 
2017/2/12, 72, 4, 33, 17, , 
2017/2/13, 15, 18, 24, 21, 1, 
2017/2/14, 39, 33, 28, 15, 1, 
2017/2/15, 66, 37, 25, 20, , 
2017/2/16, 72, 23, 26, 20, , 
2017/2/17, 55, 20, 31, 15, 1, 
2017/2/18, 56, 18, 41, 9, 1, 
2017/2/19, 50, 19, 34, 20, 1, 
2017/2/20, 50, 16, 29, 22, 1, 
2017/2/21, 36, 18, 14, 30, 2, 
2017/2/22, 35, 24, 14, 26, 2, 
2017/2/23, 40, 22, 10, 25, 1, 
2017/2/24, 55, 14, 30, 12, 1, 
2017/2/25, 35, 19, 30, 11, 1, 
2017/2/26, 51, 23, 26, 16, , 
2017/2/27, 40, 10, 24, 11, 1, 
2017/2/28, 12, 12, 31, 14, 1, 
2017/3/1, 25, 33, 26, 21, , 
2017/3/2, 69, 26, 37, 16, 1, 
2017/3/3, 63, 4, 36, 5, 1, 
2017/3/4, 9, 5, 29, 3, 1, 
2017/3/5, 16, 12, 25, 12, 2, 
2017/3/6, 15, 17, 31, 16, 1, 
2017/3/7, 21, 21, 28, 20, 1, 
2017/3/8, 31, 36, 27, 27, 1, 
2017/3/9, 52, 20, 50, 21, 1, 
2017/3/10, 34, 41, 6, 29, , 
2017/3/11, 97, 43, 6, 27, , 
2017/3/12, 112, 2, 38, , , 
2017/3/13, 5, 23, 41, 6, , 
2017/3/14, 54, 30, 46, 18, 1, 
2017/3/15, 73, 33, 44, 19, 1, 
2017/3/16, 82, 23, 45, 17, 2, 
2017/3/17, 59, 24, 48, 18, 1, 
2017/3/18, 57, 36, 44, 16, 1, 
2017/3/19, 77, 39, 39, 17, , 
2017/3/20, 77, 38, 43, 16, 1, 
2017/3/21, 84, 26, 36, 14, 2, 
2017/3/22, 40, 11, 36, 8, 1, 
2017/3/23, 11, 10, 38, 13, 5, 
2017/3/24, 15, 9, 40, 11, 1, 
2017/3/25, 21, 13, 46, 7, 1, 
2017/3/26, 34, 9, 39, 10, 1, 
2017/3/27, 21, 12, 32, 17, 1, 
2017/3/28, 30, 16, 40, 17, 1, 
2017/3/29, 29, 18, 38, 20, 2, 
2017/3/30, 39, 15, 39, 19, 1, 
2017/3/31, 24, 9, 39, 16, 1, 
2016/10/1, 54, 19, 43, 9, 1, 
2016/10/2, 58, 19, 41, 10, 1, 
2016/10/3, 55, 17, 36, 9, 1, 
2016/10/4, 44, 16, 34, 12, 1, 
2016/10/5, 46, 24, 38, 13, 1, 
2016/10/6, 53, 20, 42, 11, 1, 
2016/10/7, 49, 15, 41, 9, 1, 
2016/10/8, 39, 10, 40, 3, , 
2016/10/9, 26, 16, 42, 7, , 
2016/10/10, 26, 21, 46, 14, 1, 
2016/10/11, 49, 12, 40, 7, 1, 
2016/10/12, 33, 7, 17, 17, 1, 
2016/10/13, 30, 7, 27, 16, 1, 
2016/10/14, 13, 9, 42, 12, , 
2016/10/15, 28, 8, 45, 4, , 
2016/10/16, 28, 19, 45, 11, , 
2016/10/17, 47, 13, 21, 23, , 
2016/10/18, 46, 15, 28, 21, , 
2016/10/19, 50, 12, 15, 20, , 
2016/10/20, 41, 10, 23, 19, , 
2016/10/21, 27, 16, 25, 12, , 
2016/10/22, 54, 22, 28, 11, , 
2016/10/23, 67, 14, 18, 19, 1, 
2016/10/24, 35, 21, 14, 20, , 
2016/10/25, 58, 30, 13, 17, , 
2016/10/26, 62, 27, 26, 16, , 
2016/10/27, 62, 20, 26, 20, , 
2016/10/28, 58, 17, 31, 18, 1, 
2016/10/29, 55, 11, 36, 8, 1, 
2016/10/30, 36, 16, 37, 14, 1, 
2016/10/31, 53, 20, 43, 12, , 
2016/11/1, 64, 21, 20, 25, 2, 
2016/11/2, 53, 27, 16, 22, 1, 
2016/11/3, 51, 28, 14, 23, , 
2016/11/4, 59, 17, 30, 9, , 
2016/11/5, 27, 2, 35, 5, , 
2016/11/6, 5, 10, 27, 15, , 
2016/11/7, 12, 13, 29, 13, , 
2016/11/8, 11, 20, 20, 15, , 
2016/11/9, 18, 22, 25, 24, 1, 
2016/11/10, 25, 21, 18, 26, 1, 
2016/11/11, 26, 11, 24, 20, 1, 
2016/11/12, 32, 11, 24, 19, , 
2016/11/13, 33, 15, 18, 22, 1, 
2016/11/14, 21, 14, 27, 14, 1, 
2016/11/15, 22, 16, 26, 15, 1, 
2016/11/16, 28, 22, 20, 29, 1, 
2016/11/17, 40, 25, 14, 27, , 
2016/11/18, 45, 16, 24, 22, 1, 
2016/11/19, 43, 10, 27, 9, , 
2016/11/20, 27, 12, 8, 23, , 
2016/11/21, 30, 4, 18, 20, 1, 
2016/11/22, 15, 4, 10, 23, 2, 
2016/11/23, 14, 7, 16, 18, 2, 
2016/11/24, 16, 10, 17, 25, 2, 
2016/11/25, 23, 7, 25, 12, 2, 
2016/11/26, 24, 5, 33, 9, 1, 
2016/11/27, 18, 6, 23, 24, 2, 
2016/11/28, 21, 8, 12, 19, 2, 
2016/11/29, 30, 8, 30, 12, 1, 
2016/11/30, 25, 12, 26, 21, 2, 
2016/12/1, 33, 14, 12, 23, 2, 
2016/12/2, 43, 11, 17, 12, 2, 
2016/12/3, 39, 9, 36, 8, 1, 
2016/12/4, 34, 9, 33, 6, 2, 
2016/12/5, 32, 10, 26, 11, 1, 
2016/12/6, 33, 13, 16, 21, 1, 
2016/12/7, 42, 13, 31, 13, 1, 
2016/12/8, 46, 16, 14, 23, 1, 
2016/12/9, 41, 13, 20, 17, 1, 
2016/12/10, 42, 9, 13, 15, 1, 
2016/12/11, 31, 13, 12, 18, 2, 
2016/12/12, 33, 14, 11, 21, 2, 
2016/12/13, 43, 21, 13, 24, 2, 
2016/12/14, 58, 18, 11, 20, 1, 
2016/12/15, 48, 11, 22, 24, 2, 
2016/12/16, 38, 7, 37, 4, 1, 
2016/12/17, 25, 6, 35, 3, 1, 
2016/12/18, 23, 4, 34, 11, 1, 
2016/12/19, 17, 6, 16, 18, 2, 
2016/12/20, 14, 6, 15, 23, 2, 
2016/12/21, 11, 5, 16, 25, 1, 
2016/12/22, 9, 15, 10, 26, 2, 
2016/12/23, 37, 9, 17, 18, 1, 
2016/12/24, 29, 5, 21, 6, 1, 
2016/12/25, 18, 6, 16, 15, 1, 
2016/12/26, 22, , 13, 21, 1, 
2016/12/30, 48, 16, 27, 14, 1, 
2016/12/31, 49, 11, 25, 9, 1, 
2017/1/1, 37, 9, 15, 18, 1, 
2016/7/1, 42, 15, 30, 10, 1, 
2016/7/2, 46, 14, 31, 5, 1, 
2016/7/3, 41, 15, 28, 12, 1, 
2016/7/4, 34, 18, 32, 13, 1, 
2016/7/5, 30, 17, 35, 18, 1, 
2016/7/6, 32, 14, 33, 13, 1, 
2016/7/7, 30, 21, 33, 18, 2, 
2016/7/8, 39, 22, 39, 8, , 
2016/7/9, 56, 20, 41, 7, , 
2016/7/10, 48, 25, 35, 15, 1, 
2016/7/11, 49, 26, 30, 9, , 
2016/7/12, 59, 18, 23, 9, , 
2016/7/13, 33, 17, 25, 9, , 
2016/7/14, 32, 15, 26, 9, , 
2016/7/15, 26, 15, 36, 5, , 
2016/7/16, 35, 11, 38, 4, 1, 
2016/7/17, 26, 15, 33, 11, 1, 
2016/7/18, 33, 20, 33, 13, 1, 
2016/7/19, 42, 29, 24, 15, , 
2016/7/20, 65, 27, 27, 13, 2, 
2016/7/21, 62, 28, 31, 11, , 
2016/7/22, 60, 15, 35, 7, , 
2016/7/23, 39, 13, 38, 6, 1, 
2016/7/24, 33, 20, 35, 14, , 
2016/7/25, 35, 29, 37, 14, 1, 
2016/7/26, 68, 21, 32, 10, 1, 
2016/7/27, 54, 18, 35, 12, 1, 
2016/7/28, 38, 20, 34, 12, 1, 
2016/7/29, 45, 24, 35, 10, , 
2016/7/30, 57, , , , , 
2016/8/10, 26, , , , , 
2016/8/12, 46, 12, 36, 6, 1, 
2016/8/13, 36, 12, 33, 4, , 
2016/8/14, 39, 10, 34, 3, , 
2016/8/15, 29, 19, 19, 13, , 
2016/8/16, 52, 32, 27, 17, 1, 
2016/8/17, 68, 39, 16, 6, 1, 
2016/8/18, 84, 43, 16, 9, , 
2016/8/19, 95, 50, 14, 4, , 
2016/8/20, 117, 23, 14, 2, , 
2016/8/21, 51, 20, 9, 10, , 
2016/8/22, 47, 17, 13, 9, , 
2016/8/23, 44, 13, 25, 6, 2, 
2016/8/24, 34, 9, 27, 6, 1, 
2016/8/25, 23, 10, 48, 7, , 
2016/8/26, 27, 12, 49, 6, , 
2016/8/27, 36, 20, 43, 3, 1, 
2016/8/28, 57, 33, 29, 6, 1, 
2016/8/29, 81, 24, 26, 6, , 
2016/8/30, 57, 18, 32, 9, , 
2016/8/31, 44, 15, 34, 9, , 
2016/9/1, 39, 18, 37, 16, , 
2016/9/2, 48, 17, 44, 13, , 
2016/9/3, 44, 18, 45, 13, , 
2016/9/4, 41, 28, 46, 24, , 
2016/9/5, 49, 29, 43, 18, , 
2016/9/6, 62, 28, 41, 12, 2, 
2016/9/7, 68, 17, 33, 9, 1, 
2016/9/8, 50, 20, 33, 11, , 
2016/9/9, 49, 17, 40, 6, , 
2016/9/10, 52, 19, 40, 6, , 
2016/9/11, 56, 17, 35, 8, 1, 
2016/9/12, 46, 18, 36, 11, , 
2016/9/13, 53, 8, 31, 9, , 
2016/9/14, 11, 9, 32, 16, , 
2016/9/15, 12, 9, 34, 17, 1, 
2016/9/16, 12, 4, 34, 10, 1, 
2016/9/17, 10, 2, 31, 4, 1, 
2016/9/18, 7, , 35, 15, 1, 
2016/9/21, 35, 20, 41, 12, 1, 
2016/9/22, 54, 20, 44, 9, , 
2016/9/23, 52, 6, 45, 8, , 
2016/9/24, 20, 12, 44, 5, , 
2016/9/25, 44, 14, 33, 14, , 
2016/9/26, 47, 12, 37, 11, 1, 
2016/9/27, 43, 11, 46, 9, , 
2016/9/28, 31, 16, 41, 15, , 
2016/9/29, 43, 15, 38, 12, , 
2016/9/30, 44, 17, 40, 10, , 
2016/4/1, 12, 11, 40, 10, 1, 
2016/4/2, 22, 12, 42, 8, 1, 
2016/4/3, 31, 11, 30, 12, , 
2016/4/4, 39, 4, 23, 15, , 
2016/4/5, 12, 10, 29, 11, 1, 
2016/4/6, 17, 17, 35, 12, 1, 
2016/4/7, 32, 6, 33, 8, , 
2016/4/8, 11, 6, 35, 11, 1, 
2016/4/9, 15, 13, 38, 12, , 
2016/4/10, 33, 12, 34, 10, 1, 
2016/4/11, 18, 17, 34, 15, , 
2016/4/12, 29, 20, 33, 9, 1, 
2016/4/13, 16, 12, 17, 21, 1, 
2016/4/14, 24, 31, 33, 22, 1, 
2016/4/15, 54, 11, 31, 7, , 
2016/4/16, 17, 3, 38, 4, , 
2016/4/17, 6, 14, 36, 9, 2, 
2016/4/18, 20, 13, 38, 1, 1, 
2016/4/19, 23, 19, 38, , 1, 
2016/4/20, 31, 23, 38, 11, 1, 
2016/4/21, 26, 21, 31, 19, 1, 
2016/4/22, 42, 11, 38, 10, 1, 
2016/4/23, 26, 6, 37, 4, 1, 
2016/4/24, 8, 18, 35, 16, 1, 
2016/4/25, 24, 21, 36, 16, , 
2016/4/26, 36, 22, 36, 15, 1, 
2016/4/27, 47, 11, 32, 13, , 
2016/4/28, 35, 13, 32, 12, , 
2016/4/29, 32, , , , , 
2016/5/12, 9, 7, 30, 12, 1, 
2016/5/13, 10, 5, 38, 11, 2, 
2016/5/14, 10, 7, 46, 6, 1, 
2016/5/15, 21, 14, 39, 12, 1, 
2016/5/16, 37, 18, 40, 12, 1, 
2016/5/17, 51, 21, 36, 12, 2, 
2016/5/18, 57, 19, 34, 12, 2, 
2016/5/19, 47, 20, 34, 16, 2, 
2016/5/20, 48, 16, 35, 9, 1, 
2016/5/21, 45, 21, 35, 4, 1, 
2016/5/22, 36, 14, 28, 9, 1, 
2016/5/23, 21, , , , , 
2016/5/25, 44, , , , , 
2016/5/27, 50, , , , , 
2016/5/31, 25, 19, 43, 11, 1, 
2016/6/1, 30, 20, 41, 13, 2, 
2016/6/2, 47, 15, 37, 12, 1, 
2016/6/3, 38, , , , , 
2016/6/8, 51, 21, 33, 18, 13, 
2016/6/9, 47, 22, 36, 12, 2, 
2016/6/10, 58, , , , , 
2016/6/14, 76, 40, 30, 12, 1, 
2016/6/15, 35, 20, 24, 10, 1, 
2016/6/16, 15, 38, 37, 12, 1, 
2016/6/17, 78, 28, 34, 10, 1, 
2016/6/18, 50, 30, 37, 6, 1, 
2016/6/19, 63, 38, 31, 14, 2, 
2016/6/20, 79, 39, 32, 17, 1, 
2016/6/21, 80, 44, 28, 15, 1, 
2016/6/22, 99, 22, 36, 15, 1, 
2016/6/23, 38, 17, 40, 16, 1, 
2016/6/24, 36, 34, 37, 8, 1, 
2016/6/25, 81, 43, 31, 5, 1, 
2016/6/26, 105, 16, 31, 11, 1, 
2016/6/27, 37, 17, 32, 14, , 
2016/6/28, 36, 17, 31, 16, , 
2016/6/29, 42, 20, 31, 18, 1, 
2016/6/30, 46, 16, 30, 13, , 
2016/1/4, 13, 9, 23, 10, 1, 
2016/1/5, 9, 7, 27, 2, 1, 
2016/1/7, 24, 21, 19, 13, 1, 
2016/1/8, 19, 12, 28, 8, 1, 
2016/1/9, 18, 8, 28, 4, 1, 
2016/1/10, 11, 35, 28, 10, , 
2016/1/11, 21, 26, 22, 12, 1, 
2016/1/12, 23, 32, 14, 18, 2, 
2016/1/13, 36, 36, 19, 17, 1, 
2016/1/14, 41, 12, 28, 8, 1, 
2016/1/15, 23, 6, 30, 8, 1, 
2016/1/16, 9, 12, 20, 22, , 
2016/1/17, 28, 32, 22, 2, , 
2016/1/18, 38, 24, 15, 15, 1, 
2016/1/19, 33, 29, 17, 21, 2, 
2016/1/20, 51, 28, 12, 16, 2, 
2016/1/21, 50, 25, 10, 14, 2, 
2016/1/22, 51, 24, 10, 15, , 
2016/1/23, 69, 31, 21, 9, , 
2016/1/24, 89, 39, 19, 20, 1, 
2016/1/25, 88, 50, 14, 9, 1, 
2016/1/26, 98, 46, 21, 16, 1, 
2016/1/27, 86, 46, 18, 10, , 
2016/1/28, 74, 34, 7, 9, 1, 
2016/1/29, 79, 21, 23, 6, , 
2016/1/30, 60, 12, 19, 4, , 
2016/1/31, 31, 25, 17, 23, 1, 
2016/2/1, 29, 29, 12, 28, 1, 
2016/2/2, 57, 44, 30, 16, 1, 
2016/2/3, 58, 29, 24, 22, 1, 
2016/2/4, 31, 30, 21, 21, 2, 
2016/2/5, 49, 22, 21, 23, 1, 
2016/2/6, 58, 14, 32, 5, 1, 
2016/2/7, 19, 18, 25, 7, 1, 
2016/2/8, 17, 37, 23, 10, 1, 
2016/2/9, 27, 27, 22, 9, , 
2016/2/10, 23, 23, 18, 16, 1, 
2016/2/11, 22, 16, 19, 10, , 
2016/2/12, 15, 6, 19, 5, 1, 
2016/2/13, 9, 11, 32, 3, , 
2016/2/14, 11, 17, 28, 8, , 
2016/2/15, 17, 18, 27, 16, 1, 
2016/2/16, 19, 33, 25, 22, 2, 
2016/2/17, 32, 23, 24, 17, , 
2016/2/18, 30, 18, 24, 19, 1, 
2016/2/19, 30, 12, 29, 15, 1, 
2016/2/20, 30, 11, 29, 9, 1, 
2016/2/21, 32, 58, 24, 26, 1, 
2016/2/22, 65, 97, 26, 22, 1, 
2016/2/23, 106, 58, 23, 22, , 
2016/2/24, 59, 29, 29, 10, , 
2016/2/25, 21, 28, 22, 17, , 
2016/2/26, 30, 5, 29, 5, 1, 
2016/2/27, 7, 4, 30, 8, , 
2016/2/28, 10, 30, 29, 6, 1, 
2016/2/29, 33, 28, 27, 28, 1, 
2016/3/1, 29, 34, 26, 19, , 
2016/3/2, 28, 31, 31, 18, 1, 
2016/3/3, 29, 32, 26, 16, 1, 
2016/3/4, 30, 6, 30, 5, 1, 
2016/3/5, 7, 7, 30, 6, 1, 
2016/3/6, 9, 6, 12, 17, 1, 
2016/3/7, 15, 9, 29, 13, 1, 
2016/3/8, 12, 17, 21, 14, 1, 
2016/3/9, 18, 15, 26, 17, , 
2016/3/10, 15, 18, 27, 23, 1, 
2016/3/11, 19, 9, 32, 12, 2, 
2016/3/12, 24, 14, 32, 8, 2, 
2016/3/13, 47, 16, 28, 12, 1, 
2016/3/14, 51, 17, 32, 13, 1, 
2016/3/15, 45, 18, 36, 15, 1, 
2016/3/16, 42, 15, 30, 12, 1, 
2016/3/17, 39, 18, 29, 11, 1, 
2016/3/18, 50, 20, 33, 12, , 
2016/3/19, 65, 13, 33, 8, , 
2016/3/20, 44, 18, 34, 13, 1, 
2016/3/21, 53, 12, 26, 12, 1, 
2016/3/22, 36, 15, 34, 11, , 
2016/3/23, 27, 12, 40, 11, , 
2016/3/24, 33, 14, 40, 9, , 
2016/3/25, 36, 10, 34, 11, 1, 
2016/3/26, 28, 6, 37, 3, 2, 
2016/3/27, 10, 5, 29, 5, 1, 
2016/3/28, 13, 12, 31, 13, 1, 
2016/3/29, 23, 23, 34, 19, 1, 
2016/3/30, 56, 26, 33, 13, 1, 
2016/3/31, 42, 10, 31, 12, , 
2015/10/1, 37, 16, 31, 4, , 
2015/10/2, 47, 18, 20, 5, 1, 
2015/10/3, 52, 20, 28, 4, 1, 
2015/10/4, 61, 37, 19, 4, 1, 
2015/10/5, 49, 17, 21, 3, , 
2015/10/6, 22, 14, 27, 4, 1, 
2015/10/7, 16, 11, 17, 5, 1, 
2015/10/8, 30, 6, 31, 2, 1, 
2015/10/9, 23, 10, 31, 3, 2, 
2015/10/10, 34, 10, 27, 3, 1, 
2015/10/11, 30, 18, 26, 3, 1, 
2015/10/12, 53, 9, 14, 5, , 
2015/10/13, 34, 8, 24, 4, , 
2015/10/14, 26, , , , , 
2015/10/16, 47, 12, 35, 2, , 
2015/10/17, 44, 13, 36, 2, 1, 
2015/10/18, 48, 11, 24, 3, 1, 
2015/10/19, 42, 12, 19, 4, 1, 
2015/10/20, 43, 10, 21, 4, 1, 
2015/10/21, 26, 18, 26, 5, 1, 
2015/10/22, 39, 16, 14, 6, 1, 
2015/10/23, 39, 16, 26, 3, , 
2015/10/24, 54, 12, 27, 2, 1, 
2015/10/25, 46, 12, 21, 4, 1, 
2015/10/26, 41, 16, 17, 4, 1, 
2015/10/27, 51, 12, 24, 4, 2, 
2015/10/28, 16, 19, 24, 5, 1, 
2015/10/29, 24, 11, 29, 5, 1, 
2015/10/30, 29, 9, 26, 2, 2, 
2015/10/31, 36, 11, 33, 1, 1, 
2015/11/1, 41, 10, 33, 25, 2, 
2015/11/2, 29, 10, 15, 22, 2, 
2015/11/3, 19, 12, 16, 17, 1, 
2015/11/4, 27, , , , , 
2015/11/12, 87, 32, 18, 17, 1, 
2015/11/13, 83, 23, 22, 13, 1, 
2015/11/14, 73, 18, 21, 11, 1, 
2015/11/15, 61, 24, 8, 19, 1, 
2015/11/16, 54, 26, 8, 20, 1, 
2015/11/17, 55, 31, 10, 22, , 
2015/11/18, 59, 29, 10, 23, 1, 
2015/11/19, 56, 30, 11, 17, 1, 
2015/11/20, 39, 29, 27, 6, 1, 
2015/11/21, 25, 5, 28, 8, 1, 
2015/11/22, 12, 13, 20, 17, 1, 
2015/11/23, 20, 25, 19, 20, 1, 
2015/11/24, 28, 29, 20, 17, , 
2015/11/25, 24, 48, 31, 10, 1, 
2015/11/26, 34, 21, 23, 20, 1, 
2015/11/27, 34, 10, 18, 17, , 
2015/11/28, 19, 9, 23, 11, 1, 
2015/11/29, 26, 25, 18, 22, 3, 
2015/11/30, 48, 31, 12, 22, 2, 
2015/12/1, 57, 31, 11, 22, 2, 
2015/12/2, 65, 16, 14, 22, 1, 
2015/12/3, 42, , 11, 23, 1, 
2015/12/8, 73, 19, 12, 15, 1, 
2015/12/9, 65, , 10, 20, 1, 
2015/12/21, 100, , 16, 15, 1, 
2015/12/27, 69, , 11, 19, 1, 
2015/7/1, 44, 22, 39, 6, 1, 
2015/7/2, 51, 20, 39, 3, 2, 
2015/7/3, 53, 17, 45, 4, 3, 
2015/7/4, 45, 19, 44, 4, 3, 
2015/7/5, 52, 27, 41, 9, 2, 
2015/7/6, 61, 33, 39, 12, 3, 
2015/7/7, 58, 28, 39, 6, 3, 
2015/7/8, 62, 28, 33, 5, 3, 
2015/7/9, 64, 26, 40, 5, 2, 
2015/7/10, 58, 24, 33, 3, 2, 
2015/7/11, 63, 19, 38, 3, 2, 
2015/7/12, 50, 25, 33, 6, 3, 
2015/7/13, 58, 24, 33, 4, 3, 
2015/7/14, 59, 20, 40, 5, 2, 
2015/7/15, 51, 20, 42, 6, 4, 
2015/7/16, 48, 21, 35, 8, 4, 
2015/7/17, 49, 21, 37, 4, 3, 
2015/7/18, 59, 21, 34, 5, 1, 
2015/7/19, 62, 25, 32, 5, 2, 
2015/7/20, 67, 27, 33, 5, 2, 
2015/7/21, 69, 19, 38, 5, , 
2015/7/22, 45, 13, 32, 6, , 
2015/7/23, 32, 24, 42, 9, 2, 
2015/7/24, 57, 24, 35, 3, , 
2015/7/25, 58, 20, 27, 2, 2, 
2015/7/26, 58, 27, 35, 6, 1, 
2015/7/27, 63, 23, 29, 3, 1, 
2015/7/28, 64, 23, 32, 4, 1, 
2015/7/29, 59, 16, 27, 4, 1, 
2015/7/30, 48, 14, 26, 5, 1, 
2015/7/31, 39, 7, 41, 3, 2, 
2015/8/1, 21, 10, 43, 3, 1, 
2015/8/2, 31, 14, 35, 4, 3, 
2015/8/3, 38, 14, 39, 5, 2, 
2015/8/4, 34, 14, 20, 3, 1, 
2015/8/5, 47, 17, 33, 4, 1, 
2015/8/6, 46, 10, 28, 1, , 
2015/8/7, 38, , , , , 
2015/8/10, 45, 19, 32, 5, 1, 
2015/8/11, 51, 27, 34, 4, , 
2015/8/12, 67, 19, 34, 6, 1, 
2015/8/13, 29, 10, 34, 5, 3, 
2015/8/14, 11, 6, 30, 2, 3, 
2015/8/15, 16, 7, 38, 2, , 
2015/8/16, 21, 13, 34, 5, 2, 
2015/8/17, 35, 9, 34, 2, 2, 
2015/8/18, 24, 7, 34, 2, 2, 
2015/8/19, 23, 11, 33, 5, 2, 
2015/8/20, 33, 12, 38, 4, 1, 
2015/8/21, 33, 10, 37, 2, 2, 
2015/8/22, 30, 11, 29, 3, 2, 
2015/8/23, 21, 10, 30, 2, 5, 
2015/8/24, 11, 10, 36, 3, 3, 
2015/8/25, 19, 11, 34, 3, 2, 
2015/8/26, 27, 13, 33, 4, 3, 
2015/8/27, 28, 13, 35, 4, 1, 
2015/8/28, 30, 9, 34, 2, 2, 
2015/8/29, 29, 16, 35, 1, 3, 
2015/8/30, 47, 28, 29, 5, 1, 
2015/8/31, 66, 20, 35, 5, 3, 
2015/9/1, 47, 12, 35, 3, 2, 
2015/9/2, 33, 15, 36, 4, 1, 
2015/9/3, 42, 9, 31, 3, 1, 
2015/9/4, 28, 8, 34, 3, , 
2015/9/5, 26, 7, 31, 3, 1, 
2015/9/6, 27, 10, 19, 9, 1, 
2015/9/7, 39, 9, 32, 6, , 
2015/9/8, 31, 10, 36, 7, , 
2015/9/9, 33, 16, 39, 7, 1, 
2015/9/10, 52, 18, 40, 5, , 
2015/9/11, 55, 15, 41, 4, 1, 
2015/9/12, 50, 14, 31, 4, 1, 
2015/9/13, 36, 13, 26, 5, 1, 
2015/9/14, 17, 18, 31, 7, , 
2015/9/15, 25, 20, 24, 4, 1, 
2015/9/16, 19, 16, 28, 4, 2, 
2015/9/17, 13, 9, 31, 4, 1, 
2015/9/18, 12, 6, 36, 2, , 
2015/9/19, 13, 8, 36, 2, , 
2015/9/20, 19, 18, 37, 6, 1, 
2015/9/21, 29, 17, 37, 7, 1, 
2015/9/22, 43, 22, 29, 6, 1, 
2015/9/23, 43, 14, 29, 5, 7, 
2015/9/24, 18, 18, 31, 6, 1, 
2015/9/25, 29, , , , , 
2015/9/28, 26, 9, 30, 3, , 
2015/9/29, 29, 7, 34, 4, 1, 
2015/9/30, 22, 12, 32, 5, 1, 
2015/4/1, 34, 14, 32, 11, 2, 
2015/4/2, 35, 16, 32, 6, 1, 
2015/4/3, 51, 13, 29, 4, , 
2015/4/4, 39, 10, 31, 4, , 
2015/4/5, 36, 7, 33, 2, , 
2015/4/6, 20, 9, 34, 6, 1, 
2015/4/7, 27, 8, 37, 8, 2, 
2015/4/8, 24, 7, 35, 8, , 
2015/4/9, 24, 10, 35, 6, 1, 
2015/4/10, 30, 15, 30, 9, 1, 
2015/4/11, 52, 17, 38, 4, , 
2015/4/12, 52, , , , , 
2015/4/14, 43, 22, 22, 15, 1, 
2015/4/15, 56, 21, 29, 11, 1, 
2015/4/16, 44, 13, 30, 9, 1, 
2015/4/17, 21, 11, 36, 8, 1, 
2015/4/18, 42, 5, 33, 3, 1, 
2015/4/19, 11, 8, 32, 7, 1, 
2015/4/20, 14, 10, 33, 6, 1, 
2015/4/21, 27, 12, 35, 9, 1, 
2015/4/22, 37, 17, 29, 12, 1, 
2015/4/23, 43, 24, 34, 9, 1, 
2015/4/24, 57, 26, 28, 7, 1, 
2015/4/25, 54, 19, 31, 4, 1, 
2015/4/26, 28, 22, 32, 5, 1, 
2015/4/27, 15, 18, 30, 8, , 
2015/4/28, 21, 22, 31, 7, , 
2015/4/29, 38, 23, 31, 10, , 
2015/4/30, 53, , , , , 
2015/5/4, 62, 33, 28, 7, 1, 
2015/5/5, 33, 21, 34, 7, 2, 
2015/5/6, 25, 23, 32, 9, 1, 
2015/5/7, 45, 38, 29, 10, 1, 
2015/5/8, 46, 22, 36, 8, 1, 
2015/5/9, 43, 17, 33, 5, , 
2015/5/10, 42, 17, 32, 8, , 
2015/5/11, 28, 25, 37, 10, , 
2015/5/12, 40, 29, 34, 12, 3, 
2015/5/13, 51, 67, 36, 17, 3, 
2015/5/14, 73, 38, 36, 5, 7, 
2015/5/15, 32, 8, 39, 5, 1, 
2015/5/16, 10, 9, 33, 5, 1, 
2015/5/17, 16, 15, 33, 8, 1, 
2015/5/18, 22, 12, 28, 6, 1, 
2015/5/19, 31, 6, 31, 5, 1, 
2015/5/20, 13, 6, 32, 5, 1, 
2015/5/21, 11, 8, 31, 5, , 
2015/5/22, 16, 8, 35, 5, , 
2015/5/23, 22, 7, 36, 5, 1, 
2015/5/24, 23, 12, 32, 8, , 
2015/5/25, 27, 9, 26, 5, 1, 
2015/5/26, 19, 13, 30, 9, 1, 
2015/5/27, 31, 22, 32, 7, , 
2015/5/28, 49, 17, 34, 7, 1, 
2015/5/29, 36, 14, 36, 5, 1, 
2015/5/30, 42, 11, 35, 4, 1, 
2015/5/31, 37, 15, 32, 6, , 
2015/6/1, 45, 19, 35, 6, , 
2015/6/2, 51, 15, 32, 9, 1, 
2015/6/3, 33, 17, 33, 8, 2, 
2015/6/4, 30, 16, 35, 7, 1, 
2015/6/5, 33, 14, 34, 7, 3, 
2015/6/6, 32, 10, 39, 5, 2, 
2015/6/7, 25, 23, 37, 8, 2, 
2015/6/8, 31, 22, 42, 10, 1, 
2015/6/9, 51, 21, 39, 4, 1, 
2015/6/10, 58, 26, 30, 6, 1, 
2015/6/11, 67, 22, 38, 7, 1, 
2015/6/12, 47, 18, 32, 4, 2, 
2015/6/13, 53, 8, 39, 2, 1, 
2015/6/14, 21, 12, 33, 7, 1, 
2015/6/15, 26, 6, 32, 7, 1, 
2015/6/16, 17, 12, 34, 9, 1, 
2015/6/17, 32, 14, 37, 8, 1, 
2015/6/18, 33, 20, 40, 10, 1, 
2015/6/19, 38, 16, 36, 5, , 
2015/6/20, 40, 15, 37, 4, 3, 
2015/6/21, 42, 18, 32, 8, 3, 
2015/6/22, 41, 11, 40, 8, , 
2015/6/23, 25, 12, 36, 4, 2, 
2015/6/24, 29, , , , , 
2015/6/26, 43, 23, 45, 8, 2, 
2015/6/27, 52, 18, 43, 5, 4, 
2015/6/28, 46, 18, 39, 5, 3, 
2015/6/29, 48, 16, 40, 9, 3, 
2015/6/30, 36, 18, 34, 5, 3, 
2015/1/1, 46, 18, 11, 17, 2, 
2015/1/2, 43, 16, 12, 16, 2, 
2015/1/3, 39, 12, 16, 10, 1, 
2015/1/4, 40, 19, 15, 14, 1, 
2015/1/5, 56, 22, 18, 10, 1, 
2015/1/6, 70, 28, 12, 13, 1, 
2015/1/7, 67, 34, 12, 14, , 
2015/1/8, 77, 33, 10, 19, 1, 
2015/1/9, 60, 17, 13, 16, 1, 
2015/1/10, 38, 14, 20, 12, 1, 
2015/1/11, 34, 22, 17, 13, 1, 
2015/1/12, 43, 27, 12, 17, 1, 
2015/1/13, 64, 29, 15, 17, 2, 
2015/1/14, 58, 36, 17, 19, 3, 
2015/1/15, 59, 26, 23, 11, 1, 
2015/1/16, 27, 7, 30, 6, , 
2015/1/17, 19, , , , , 
2015/1/21, 28, 13, 24, 10, 1, 
2015/1/22, 17, 11, 27, 10, 2, 
2015/1/23, 13, 8, 25, 10, 2, 
2015/1/24, 16, 5, 31, 5, 1, 
2015/1/25, 13, 24, 15, 19, 2, 
2015/1/26, 37, 30, 27, 10, 1, 
2015/1/27, 40, 19, 22, 14, 2, 
2015/1/28, 24, 34, 19, 12, 2, 
2015/1/29, 39, 39, 21, 2, 1, 
2015/1/30, 25, 2, 30, 3, , 
2015/1/31, 8, 2, 31, 4, 1, 
2015/2/1, 10, 12, 16, 10, 1, 
2015/2/2, 20, 12, 27, 7, 1, 
2015/2/3, 10, 12, 28, 7, , 
2015/2/4, 15, 24, 28, 5, 1, 
2015/2/5, 20, 13, 27, 8, 1, 
2015/2/6, 16, 18, 12, 13, 1, 
2015/2/7, 47, 9, 25, 6, , 
2015/2/8, 32, 17, 24, 12, 2, 
2015/2/9, 46, 19, 26, 11, 1, 
2015/2/10, 45, 20, 25, 12, 1, 
2015/2/11, 57, 20, 12, 15, 1, 
2015/2/12, 61, 17, 16, 16, 2, 
2015/2/13, 43, 7, 25, 7, 2, 
2015/2/14, 21, 3, 24, 5, , 
2015/2/15, 11, 13, 24, 11, 1, 
2015/2/16, 21, 8, 21, 11, 1, 
2015/2/17, 27, 13, 26, 11, 2, 
2015/2/18, 27, 21, 26, 13, 2, 
2015/2/19, 60, 22, 30, 9, 2, 
2015/2/20, 58, 16, 32, 7, 2, 
2015/2/21, 37, 7, 32, 6, 2, 
2015/2/22, 9, 18, 19, 9, 1, 
2015/2/23, 21, 15, 29, 4, 2, 
2015/2/24, 12, 21, 29, 6, 1, 
2015/2/25, 15, 22, 25, 6, 1, 
2015/2/26, 17, 29, 34, 5, 1, 
2015/2/27, 22, 9, 32, 10, 1, 
2015/2/28, 22, 7, 22, 5, , 
2015/3/1, 21, 22, 16, 9, 1, 
2015/3/2, 24, 17, 23, 12, 1, 
2015/3/3, 41, 34, 32, 8, 1, 
2015/3/4, 56, 26, 33, 9, 2, 
2015/3/5, 24, 18, 29, 12, 2, 
2015/3/6, 25, , , , , 
2015/3/14, 99, , , , , 
2015/3/16, 21, 20, 27, 9, 1, 
2015/3/17, 61, 12, 29, 8, 2, 
2015/3/18, 42, 16, 33, 3, 1, 
2015/3/19, 53, 13, 30, 4, , 
2015/3/20, 46, 12, 25, 4, 1, 
2015/3/21, 36, , , , , 
2015/3/23, 51, 14, 28, 7, 1, 
2015/3/24, 44, 4, 30, 4, , 
2015/3/25, 7, 8, 28, 9, 1, 
2015/3/26, 17, 12, 24, 8, 1, 
2015/3/27, 14, 6, 27, 7, 1, 
2015/3/28, 14, 8, 26, 7, , 
2015/3/29, 23, 18, 30, 12, 1, 
2015/3/30, 26, 17, 28, 16, 1, 
2015/3/31, 26, 18, 29, 11, 1, 
2014/10/1, 52, 16, 27, , 4, 
2014/10/2, 58, 11, 35, 11, 4, 
2014/10/3, 42, 17, 36, 9, 4, 
2014/10/4, 61, 14, 38, 5, 3, 
2014/10/5, 54, 22, 33, 12, 3, 
2014/10/6, 66, 25, 23, 12, 3, 
2014/10/7, 39, 18, 26, 15, 3, 
2014/10/8, 30, 19, 27, 8, 3, 
2014/10/9, 43, 16, 20, 9, 3, 
2014/10/10, 41, 7, 21, 8, 2, 
2014/10/11, 25, 4, 27, 5, 2, 
2014/10/12, 14, 5, 28, 2, 4, 
2014/10/13, 13, , , , , 
2014/10/16, 36, 24, 21, 12, 2, 
2014/10/17, 43, 14, 25, 12, 1, 
2014/10/18, 44, 20, 29, 7, 1, 
2014/10/19, 68, 36, 19, 16, 2, 
2014/10/20, 72, 55, 18, 15, 3, 
2014/10/21, 74, 31, 25, 11, 1, 
2014/10/22, 42, 35, 25, 16, 2, 
2014/10/23, 43, 38, 23, 19, 2, 
2014/10/24, 47, 19, 32, 14, 2, 
2014/10/25, 40, 15, 37, 7, 1, 
2014/10/26, 46, 20, 26, 9, 1, 
2014/10/27, 51, 25, 23, 12, 1, 
2014/10/28, 68, 31, 26, 12, 1, 
2014/10/29, 83, 40, 22, 12, 1, 
2014/10/30, 94, 31, 23, 12, 1, 
2014/10/31, 83, 27, 31, 8, 1, 
2014/11/1, 85, 25, 30, 7, 1, 
2014/11/2, 78, 45, 19, 12, 2, 
2014/11/3, 67, 9, 24, 10, 1, 
2014/11/4, 21, 18, 27, 7, 2, 
2014/11/5, 30, 24, 25, 13, 2, 
2014/11/6, 30, 26, 15, 9, 1, 
2014/11/7, 47, 17, 28, 9, 1, 
2014/11/8, 36, 4, 27, 6, 1, 
2014/11/9, 15, 14, 19, 13, 2, 
2014/11/10, 30, 16, 4, 17, 3, 
2014/11/11, 57, 9, 17, 12, 2, 
2014/11/12, 24, 15, 19, 12, 1, 
2014/11/13, 28, 7, 15, 13, 1, 
2014/11/14, 26, 7, 28, 6, 4, 
2014/11/15, 11, 4, 15, 17, 11, 
2014/11/16, 15, 19, 13, 18, 10, 
2014/11/17, 26, 17, 8, 19, 4, 
2014/11/18, 33, 24, 12, 16, 3, 
2014/11/19, 60, 38, 19, 10, 1, 
2014/11/20, 83, 31, 12, 15, 1, 
2014/11/21, 77, 32, 13, 11, 1, 
2014/11/22, 96, 25, 10, 8, 1, 
2014/11/23, 79, 29, 10, 9, 2, 
2014/11/24, 60, 34, 9, 12, 2, 
2014/11/25, 77, 10, 7, 17, 3, 
2014/11/26, 37, 31, 10, 12, 2, 
2014/11/27, 70, 6, 17, 15, 2, 
2014/11/28, 26, 5, 20, 6, 1, 
2014/11/29, 19, 14, 16, 5, 2, 
2014/11/30, 52, 5, 10, 8, 2, 
2014/12/1, 21, 1, 12, 8, 2, 
2014/12/2, 5, , 11, 11, 2, 
2014/12/5, 26, 6, 19, 6, 1, 
2014/12/6, 13, 4, 20, 3, , 
2014/12/7, 9, 6, 10, 9, , 
2014/12/8, 16, 15, 18, 5, , 
2014/12/9, 12, 26, 10, 17, 2, 
2014/12/10, 31, 24, 4, 17, 1, 
2014/12/11, 35, 20, 11, 15, 1, 
2014/12/12, 34, 21, 21, 14, , 
2014/12/13, 49, 20, 18, 8, , 
2014/12/14, 55, 6, 19, 11, , 
2014/12/15, 19, 9, 22, 11, 1, 
2014/12/16, 21, 15, 13, 16, 1, 
2014/12/17, 20, 19, 9, 15, , 
2014/12/18, 33, 22, 4, 15, 1, 
2014/12/19, 55, 23, 10, 10, , 
2014/12/20, 70, 13, 15, 10, , 
2014/12/21, 45, 20, 10, 13, 1, 
2014/12/22, 50, 18, 7, 16, 2, 
2014/12/23, 48, 17, 13, 12, 2, 
2014/12/24, 50, 14, 17, 8, 1, 
2014/12/25, 48, 13, 12, 15, 2, 
2014/12/26, 35, 12, 18, 7, 1, 
2014/12/27, 27, 13, 30, 2, , 
2014/12/28, 26, , , , , 
2014/9/28, 57, 14, 25, , 3, 
2014/9/29, 54, 14, 32, , 4, 
2014/9/30, 50, 14, 29, , 4, 
2024/12/31, , 13, 19, 5, , 
2024/10/27, , 6, , 5, , 
2024/11/3, , 23, 28, 4, 1, 
2024/7/17, , 21, 27, 4, 2, 
2024/7/21, , 23, 11, 6, 2, 
2024/7/25, , 14, 26, 3, 2, 
2024/7/29, , 23, 17, 5, 2, 
2024/8/4, , 19, 17, 4, 2, 
2024/8/18, , 17, 7, 11, 2, 
2024/8/22, , 27, 5, 13, 2, 
2024/8/29, , 11, 30, 3, 2, 
2024/9/26, , 16, 33, 3, 2, 
2024/5/26, , 20, 35, 2, 1, 
2024/3/18, , 46, 42, 5, 1, 
2023/11/27, , 3, 23, 6, , 
2023/7/2, , 17, 31, 3, 3, 
2023/2/5, , 26, 10, 7, 1, 
2023/2/14, , 36, 7, 31, 1, 
2023/2/26, , 15, 28, 2, 1, 
2023/3/6, , 5, , , 1, 
2023/3/26, , 37, 39, 2, 1, 
2022/11/13, , 19, 18, 11, 6, 
2022/12/11, , 16, 13, 11, 1, 
2022/12/25, , 22, 8, 21, 1, 
2022/8/21, , 7, 29, 1, 1, 
2022/9/10, , 7, 27, 1, 1, 
2022/9/11, , 8, 25, 4, 1, 
2022/9/19, , 8, 25, 7, 1, 
2022/2/27, , 11, 31, 16, 2, 
2021/9/5, , 26, 29, 7, 2, 
2021/4/4, , 11, 24, 4, 1, 
2021/5/25, , 1, 26, 6, 1, 
2021/6/6, , 10, 34, 6, 2, 
2021/6/13, , 26, 42, 17, 2, 
2021/1/23, , 2, 26, 1, 1, 
2020/11/29, , 15, 10, 21, 2, 
2020/12/9, , 11, 12, 15, 1, 
2020/12/30, , 2, 13, 9, 1, 
2020/7/9, , 28, 53, 7, 1, 
2020/8/9, , 25, 32, 8, 1, 
2020/3/31, , 1, 33, 3, , 
2020/5/3, , 3, 31, 3, 1, 
2020/5/7, , 1, 33, 3, 2, 
2020/5/17, , 2, 31, 5, 4, 
2020/5/18, , 3, 40, 9, 2, 
2020/5/20, , 2, 44, 9, 2, 
2020/5/21, , 2, 45, 11, 1, 
2020/6/3, , 20, 25, 9, 1, 
2018/12/31, , 18, 24, 3, 3, 
2018/5/28, , 25, 33, 10, 1, 
2017/12/31, , 8, 27, 1, 1, 
2017/11/22, , 67, 9, 20, 4, 
2017/9/12, , 13, 8, 12, 1, 
2017/9/14, , 16, 20, 11, 1, 
2017/9/18, , 10, 43, 10, 9, 
2017/4/17, , 19, 39, 12, 2, 
2017/1/8, , 34, 19, 21, 1, 
2016/12/29, , 14, 21, 18, 1, 
2016/8/9, , 10, 22, 6, , 
2016/8/11, , 18, 31, 11, 2, 
2016/9/20, , 10, 42, 11, 1, 
2016/5/11, , 7, 31, 12, , 
2016/5/24, , 23, 38, 11, 1, 
2016/5/26, , 15, 29, 6, 1, 
2016/5/30, , 16, 32, 14, 1, 
2016/6/7, , 24, 35, 13, , 
2016/6/13, , 35, 30, 15, 1, 
2016/1/3, , 4, 21, 5, 1, 
2016/1/6, , 37, 24, 8, 1, 
2015/10/15, , 15, 27, 4, , 
2015/11/11, , 37, 16, 18, 1, 
2015/12/7, , 25, 16, 15, , 
2015/12/20, , 62, 11, 18, 1, 
2015/12/26, , 22, 18, 10, 2, 
2015/8/9, , 17, 35, 4, 2, 
2015/9/27, , 8, 28, 4, 1, 
2015/4/13, , 17, 32, 10, 1, 
2015/5/3, , 28, 39, 8, 3, 
2015/6/25, , 21, 42, 10, 1, 
2014/12/31, , 15, 24, 8, 1, 
2015/1/20, , 15, 16, 11, 3, 
2015/3/13, , 39, 1, 25, , 
2015/3/15, , 6, 26, 3, 2, 
2015/3/22, , 15, 29, 9, 1, 
2014/10/15, , 29, 17, 8, 2, 
2014/12/4, , 17, 5, 11, 3, 
2014/9/27, , 15, 35, 1, 4, 
2024/10/26, , , , 1, , 
2023/11/23, , , 16, 14, 2, 
2023/11/24, , , 21, 11, 1, 
2023/11/25, , , 23, 7, 1, 
2023/11/26, , , 22, 10, 1, 
2017/1/7, , , 18, 14, 1, 
2016/12/27, , , 18, 19, 1, 
2016/12/28, , , 9, 23, 1, 
2016/9/19, , , 33, 12, 1, 
2015/12/4, , , 10, 13, 1, 
2015/12/10, , , 9, 18, 1, 
2015/12/11, , , 16, 15, 1, 
2015/12/12, , , 19, 11, 1, 
2015/12/13, , , 9, 19, 1, 
2015/12/14, , , 7, 22, 1, 
2015/12/15, , , 7, 23, 2, 
2015/12/16, , , 5, 22, 1, 
2015/12/17, , , 3, 22, 2, 
2015/12/18, , , 5, 17, 2, 
2015/12/19, , , 16, 11, , 
2015/12/22, , , 4, 16, 2, 
2015/12/23, , , 12, 17, , 
2015/12/24, , , 15, 10, , 
2015/12/25, , , 22, 10, , 
2015/12/28, , , 10, 17, 1, 
2015/12/29, , , 16, 14, 2, 
2014/12/3, , , 2, 13, 3, 
2022/2/26, , , , , , 