date, pm25, pm10, o3, no2, so2, co
2025/6/1, 18, 6, 40, 4, 1, 
2025/6/2, 15, 7, 41, 2, 1, 
2025/6/3, 19, 9, 43, 3, 1, 
2025/6/4, 32, 12, 45, 3, 1, 
2025/6/5, 38, 12, 48, 3, 1, 
2025/6/6, 38, 9, 43, 4, 1, 
2025/6/7, 28, 10, 34, 3, 1, 
2025/6/8, 38, 12, 34, 4, 1, 
2025/6/9, 41, 11, 41, 5, 1, 
2025/6/10, 28, 14, 46, 4, 1, 
2025/6/11, 36, 13, 48, 3, 1, 
2025/6/12, 40, 21, 44, 4, 1, 
2025/6/13, 57, 18, 47, 4, 1, 
2025/6/14, 55, 17, 45, 4, 1, 
2025/6/15, 47, 13, 37, 4, 1, 
2025/6/16, 41, 13, 39, 5, 1, 
2025/6/17, 38, 14, 39, 6, 1, 
2025/6/18, 41, 13, 42, 5, 1, 
2025/6/19, 37, 11, 47, 6, 1, 
2025/6/20, 27, 12, 48, 6, 1, 
2025/6/21, 32, 10, 45, 6, 1, 
2025/6/22, 23, 11, 48, 5, 1, 
2025/6/23, 24, 12, 48, 4, 1, 
2025/6/24, 25, 12, 49, 4, 3, 
2025/6/25, 28, 11, 45, 2, , 
2025/6/26, 26, 12, 53, 3, , 
2025/6/27, 31, 12, 57, 2, , 
2025/6/28, 28, 11, 48, 2, , 
2025/6/29, 26, 10, 35, 1, , 
2025/6/30, 30, , , , , 
2025/5/1, 24, 12, 32, 2, 1, 
2025/5/2, 43, 10, 36, 2, 1, 
2025/5/3, 33, 2, 35, 1, 1, 
2025/5/4, 9, 3, 34, 1, 1, 
2025/5/5, 11, 4, 42, 1, 1, 
2025/5/6, 8, 5, 38, 1, 1, 
2025/5/7, 17, 6, 31, 1, 1, 
2025/5/8, 22, 5, 34, 1, 1, 
2025/5/9, 24, 6, 32, 1, 1, 
2025/5/10, 26, 4, 39, 1, 1, 
2025/5/11, 16, 3, 38, 1, 1, 
2025/5/12, 9, 6, 36, 1, 1, 
2025/5/13, 23, 6, 38, 1, 1, 
2025/5/14, 22, 3, 35, 1, 1, 
2025/5/15, 10, 5, 42, 2, 1, 
2025/5/16, 13, 7, 41, 1, 1, 
2025/5/17, 22, 5, 44, 1, 1, 
2025/5/18, 18, 4, 39, 1, 1, 
2025/5/19, 11, 5, 42, 2, 1, 
2025/5/20, 12, 6, 47, 2, 1, 
2025/5/21, 15, 5, 38, 1, 1, 
2025/5/22, 12, 4, 40, 1, 1, 
2025/5/23, 13, 5, 40, 1, 1, 
2025/5/24, 16, 5, 51, 1, 1, 
2025/5/25, 17, 7, 44, 1, 1, 
2025/5/26, 19, 8, 42, 2, 1, 
2025/5/27, 19, 9, 54, 3, 1, 
2025/5/28, 20, 10, 44, 2, 1, 
2025/5/29, 20, 10, 57, 3, 1, 
2025/5/30, 22, 9, 47, 4, 1, 
2025/5/31, 23, 8, 47, 5, 1, 
2025/4/1, 15, 9, 40, 1, 1, 
2025/4/2, 34, 7, 37, 1, 1, 
2025/4/3, 23, 6, 36, 1, 1, 
2025/4/4, 20, 3, 37, 1, 1, 
2025/4/5, 7, 1, 39, 1, 1, 
2025/4/6, 5, 6, 41, 1, 1, 
2025/4/7, 11, 8, 42, 2, 1, 
2025/4/8, 26, 10, 41, 3, 1, 
2025/4/9, 33, 9, 41, 1, 1, 
2025/4/10, 30, 11, 39, 1, 1, 
2025/4/11, 40, 13, 30, 2, 1, 
2025/4/12, 47, 6, 34, 1, 1, 
2025/4/13, 24, 8, 31, 2, 1, 
2025/4/14, 31, 2, 36, 1, 1, 
2025/4/15, 9, 1, 36, , 1, 
2025/4/16, 9, 4, 39, 3, 1, 
2025/4/17, 10, 3, 30, 2, 1, 
2025/4/18, 9, 2, 36, 1, 1, 
2025/4/19, 7, 2, 31, 4, 1, 
2025/4/20, 6, 2, 35, 2, 1, 
2025/4/21, 9, 2, 22, 1, 1, 
2025/4/22, 12, 5, 38, 2, 1, 
2025/4/23, 11, 5, 38, 3, 1, 
2025/4/24, 17, 7, 39, 3, 1, 
2025/4/25, 26, 4, 35, 1, 1, 
2025/4/26, 14, 1, 36, 2, 1, 
2025/4/27, 5, 2, 38, 1, 1, 
2025/4/28, 9, 5, 38, 1, 1, 
2025/4/29, 19, 6, 38, 1, 1, 
2025/4/30, 19, 10, 41, 1, 1, 
2025/1/1, 29, 2, 24, 1, 1, 
2025/1/2, 9, 1, 28, , , 
2025/1/3, 6, 3, 28, 3, 1, 
2025/1/4, 14, 6, 29, , 1, 
2025/1/5, 16, 4, 27, , 1, 
2025/1/6, 13, 3, 26, 1, 1, 
2025/1/7, 13, 1, 20, , 1, 
2025/1/8, 5, , , , , 
2025/1/10, 5, , 34, , 1, 
2025/1/12, 5, 4, 36, 20, 16, 
2025/1/13, 14, 16, 32, 9, 1, 
2025/1/14, 24, 14, 37, 2, 1, 
2025/1/15, 21, 16, 35, 1, 1, 
2025/1/16, 22, 1, 28, 2, 1, 
2025/1/17, 8, 2, 34, 2, 1, 
2025/1/18, 12, 3, 34, 2, 1, 
2025/1/19, 14, 4, 26, 4, , 
2025/1/20, 17, 3, 21, 4, , 
2025/1/21, 16, 9, 28, 1, 1, 
2025/1/22, 20, 2, 29, 1, 1, 
2025/1/23, 8, 2, 30, 1, 1, 
2025/1/24, 11, 3, 27, 1, 1, 
2025/1/25, 17, 3, 26, 1, 1, 
2025/1/26, 12, 1, 33, 1, 2, 
2025/1/27, 5, 1, 33, 1, 2, 
2025/1/28, 5, 2, 28, 1, 2, 
2025/1/29, 8, 1, 28, , 1, 
2025/1/30, 5, 2, 28, 1, 1, 
2025/1/31, 8, 2, 28, 1, 1, 
2025/2/1, 10, 2, 30, 2, 1, 
2025/2/2, 10, 3, 31, 1, 1, 
2025/2/3, 13, 4, 32, 2, 1, 
2025/2/4, 15, 4, 32, 2, 1, 
2025/2/5, 14, 11, 31, 3, 1, 
2025/2/6, 39, 11, 31, 2, 1, 
2025/2/7, 42, 2, 31, 1, 1, 
2025/2/8, 10, 3, 29, 2, 1, 
2025/2/9, 13, 9, 31, 3, 1, 
2025/2/10, 36, 9, 28, 3, 1, 
2025/2/11, 31, 11, 27, 2, 1, 
2025/2/12, 48, 3, 30, 3, 1, 
2025/2/13, 9, 4, 29, 4, 1, 
2025/2/14, 13, 8, 29, 2, 1, 
2025/2/15, 37, 10, 29, 3, 1, 
2025/2/16, 32, 11, 32, 2, 1, 
2025/2/17, 28, 14, 35, 2, 1, 
2025/2/18, 46, 17, 32, 3, 1, 
2025/2/19, 58, 15, 32, 2, 1, 
2025/2/20, 52, 14, 31, 2, 1, 
2025/2/21, 51, 14, 24, 3, 1, 
2025/2/22, 51, 2, 31, 2, 1, 
2025/2/23, 10, 4, 28, 2, 1, 
2025/2/24, 12, 3, 32, 1, 1, 
2025/2/25, 6, 3, 35, 2, 1, 
2025/2/26, 10, 6, 29, 3, 1, 
2025/2/27, 17, 9, 37, 3, 1, 
2025/2/28, 34, 3, 29, 1, 1, 
2025/3/1, 14, 3, 28, , 1, 
2025/3/2, 13, 3, 27, 1, 1, 
2025/3/3, 14, 6, 29, 1, 1, 
2025/3/4, 20, 2, 32, 1, 1, 
2025/3/5, 11, 8, 29, 1, 1, 
2025/3/6, 29, 5, 28, 1, 1, 
2025/3/7, 22, 10, 31, 1, 1, 
2025/3/8, 37, 1, 34, , 1, 
2025/3/9, 5, 1, 31, 1, 1, 
2025/3/10, 7, 1, 34, 1, 1, 
2025/3/11, 7, 2, 32, , 1, 
2025/3/12, 6, 3, 27, 1, 1, 
2025/3/13, 12, 4, 32, 1, 1, 
2025/3/14, 16, 3, 35, 1, 1, 
2025/3/15, 15, 3, 30, 1, 1, 
2025/3/16, 12, 4, 24, , 1, 
2025/3/17, 20, 4, 28, , 1, 
2025/3/18, 17, 5, 29, 1, 1, 
2025/3/19, 22, 14, 30, 1, 1, 
2025/3/20, 42, 6, 36, 1, 1, 
2025/3/21, 19, 1, 34, , 1, 
2025/3/22, 5, 1, 30, 1, 1, 
2025/3/23, 9, 4, 31, 2, 1, 
2025/3/24, 16, 1, 29, 1, 1, 
2025/3/25, 7, 2, 34, , 1, 
2025/3/26, 8, 6, 36, 2, 1, 
2025/3/27, 21, 4, 38, 1, 1, 
2025/3/28, 14, 5, 39, 1, 1, 
2025/3/29, 10, 2, 37, 2, 1, 
2025/3/30, 8, 7, 40, 3, 1, 
2025/3/31, 12, 6, 47, 2, 1, 
2024/10/1, 14, , , , , 
2024/10/3, 7, 3, 33, 2, 1, 
2024/10/4, 9, 5, 35, 3, 1, 
2024/10/5, 15, 18, 11, 1, 1, 
2024/10/6, 42, 15, 22, 7, 1, 
2024/10/7, 33, 1, 26, 1, 1, 
2024/10/8, 6, 3, 26, , 1, 
2024/10/9, 9, 3, 26, 1, 1, 
2024/10/10, 6, 3, 30, , 1, 
2024/10/11, 10, 8, 14, 2, 1, 
2024/10/12, 32, 3, 13, 5, 1, 
2024/10/13, 9, 8, 23, 6, 1, 
2024/10/14, 26, 10, 21, 3, 1, 
2024/10/15, 31, 5, 20, 2, , 
2024/10/16, 19, 1, 28, 1, 1, 
2024/10/17, 7, 1, 26, , 1, 
2024/10/18, 5, 2, 26, , 1, 
2024/10/19, 8, 3, 24, 3, 1, 
2024/10/20, 11, 4, 30, 1, 1, 
2024/10/21, 14, 2, 29, , 1, 
2024/10/22, 9, 3, 21, 1, 1, 
2024/10/23, 11, 8, 23, 2, , 
2024/10/24, 28, 7, 18, 2, 1, 
2024/10/25, 26, 2, 26, , , 
2024/10/26, 8, 2, 23, , , 
2024/10/27, 7, 2, 23, , , 
2024/10/28, 10, 6, 23, , , 
2024/10/29, 22, , , , , 
2024/10/31, 34, , , , , 
2024/11/4, 40, , , , , 
2024/11/6, 45, 8, 24, 4, 1, 
2024/11/7, 27, 7, 22, 3, 1, 
2024/11/8, 27, 10, 21, 3, 1, 
2024/11/9, 32, 1, 26, 1, 1, 
2024/11/10, 8, 4, 22, 2, 1, 
2024/11/11, 12, 3, 24, , 1, 
2024/11/12, 9, 2, 21, 1, 1, 
2024/11/13, 13, 6, 22, 1, , 
2024/11/14, 24, 7, 21, 1, 1, 
2024/11/15, 25, 8, 21, 1, 1, 
2024/11/16, 25, 14, 13, 4, 1, 
2024/11/17, 37, 8, 14, 3, 1, 
2024/11/18, 21, 8, 22, 2, 1, 
2024/11/19, 24, 5, 23, 1, 1, 
2024/11/20, 16, 2, 24, 1, 1, 
2024/11/21, 5, 1, 22, , 1, 
2024/11/22, 7, 6, 19, 2, 1, 
2024/11/23, 24, 7, 23, 4, 1, 
2024/11/24, 26, 15, 23, 5, 1, 
2024/11/25, 38, 5, 25, 2, 1, 
2024/11/26, 17, 7, 22, 3, 1, 
2024/11/27, 27, 7, 18, 4, 1, 
2024/11/28, 27, 12, 22, 2, 1, 
2024/11/29, 28, 21, 17, 4, , 
2024/11/30, 53, 14, 12, 4, , 
2024/12/1, 47, 9, 21, 2, , 
2024/12/2, 24, 12, 16, 3, 1, 
2024/12/3, 40, 3, 25, 1, 1, 
2024/12/4, 14, 1, 26, , 1, 
2024/12/5, 5, , , , , 
2024/12/9, 5, 2, 21, , 1, 
2024/12/10, 9, 3, 13, , 1, 
2024/12/11, 11, 2, 18, 1, 1, 
2024/12/12, 9, 2, 21, 1, 1, 
2024/12/13, 11, 1, 18, , 1, 
2024/12/14, 8, , , , , 
2024/12/16, 11, 4, 21, 3, 1, 
2024/12/17, 16, 9, 25, 2, 1, 
2024/12/18, 20, 11, 29, , 1, 
2024/12/19, 25, 2, 28, , 1, 
2024/12/20, 6, 1, 28, , 1, 
2024/12/21, 7, 1, 28, , 1, 
2024/12/22, 5, 3, 30, , 1, 
2024/12/23, 8, 3, 29, , 1, 
2024/12/24, 6, 6, 23, , 1, 
2024/12/25, 22, 6, 17, 1, 1, 
2024/12/26, 23, 7, 23, 1, 1, 
2024/12/27, 32, 5, 25, , 1, 
2024/12/28, 22, 6, 24, 3, 1, 
2024/12/29, 23, , , , , 
2024/7/1, 27, 4, 32, 3, 1, 
2024/7/2, 9, 5, 47, 2, 1, 
2024/7/3, 19, 4, 40, 3, 1, 
2024/7/4, 9, 6, 36, 6, , 
2024/7/5, 18, 3, 34, 5, 1, 
2024/7/6, 9, 3, 25, 6, 1, 
2024/7/7, 13, 5, 32, 5, , 
2024/7/8, 15, 3, 31, 5, 1, 
2024/7/9, 10, 3, 12, 6, 1, 
2024/7/10, 12, 18, 38, 5, , 
2024/7/11, 46, 7, 28, 3, , 
2024/7/12, 21, , 26, 2, , 
2024/7/18, 30, 6, 15, 2, , 
2024/7/19, 22, , , , , 
2024/7/26, 15, , , , , 
2024/7/30, 21, , , 3, , 
2024/8/2, 28, , , , , 
2024/8/5, 40, 10, 1, 9, 1, 
2024/8/6, 40, , , , , 
2024/8/8, 19, 8, 39, 4, , 
2024/8/9, 19, 12, 40, 2, , 
2024/8/10, 26, 8, 41, 1, , 
2024/8/11, 20, 9, 41, 3, , 
2024/8/12, 22, 9, 35, 5, , 
2024/8/13, 23, 6, 26, 3, , 
2024/8/14, 19, , , , , 
2024/8/23, 59, 13, 39, 2, 1, 
2024/8/24, 43, 11, 28, 1, , 
2024/8/25, 39, 7, 29, 2, 1, 
2024/8/26, 23, , , , , 
2024/8/30, 31, 8, 34, , 1, 
2024/8/31, 24, 9, 32, 1, 1, 
2024/9/1, 30, 10, 23, 3, 1, 
2024/9/2, 34, 13, 26, 4, 1, 
2024/9/3, 44, 5, 29, 1, 1, 
2024/9/4, 18, 3, 31, , 1, 
2024/9/5, 10, 8, 37, , 1, 
2024/9/6, 24, 6, 45, , 1, 
2024/9/7, 15, 6, 36, , , 
2024/9/8, 13, 5, 41, 1, 1, 
2024/9/9, 15, 6, 41, 1, 1, 
2024/9/10, 17, 8, 31, 1, , 
2024/9/11, 24, 3, 25, , 1, 
2024/9/12, 7, 3, 28, , 1, 
2024/9/13, 7, 5, 32, , 1, 
2024/9/14, 13, 5, 35, 1, 1, 
2024/9/15, 13, 7, 39, , , 
2024/9/16, 12, 7, 33, , , 
2024/9/17, 11, 3, 28, , 1, 
2024/9/18, 14, 4, 27, , 1, 
2024/9/19, 17, 7, 28, , , 
2024/9/20, 25, , , , , 
2024/9/24, 56, 2, 27, 1, 1, 
2024/9/25, 9, 4, 21, , , 
2024/9/26, 6, 3, 29, , , 
2024/9/27, 6, , , , , 
2024/9/30, 13, 4, 6, 1, 1, 
2024/4/1, 5, 3, 36, 4, 1, 
2024/4/2, 10, 3, 33, 5, 1, 
2024/4/3, 10, 3, 37, 7, 1, 
2024/4/4, 10, 4, 41, 6, 1, 
2024/4/5, 12, 13, 43, 8, 1, 
2024/4/6, 26, 32, 36, 9, , 
2024/4/7, 53, 21, 35, 7, 1, 
2024/4/8, 39, 3, 34, , 1, 
2024/4/9, 6, 3, 37, 4, 1, 
2024/4/10, 6, 1, 33, 4, 1, 
2024/4/11, 5, 8, 44, 5, 1, 
2024/4/12, 14, 12, 46, 5, 1, 
2024/4/13, 19, 11, 47, 5, 1, 
2024/4/14, 21, 10, 41, 5, , 
2024/4/15, 25, 8, 35, 5, 1, 
2024/4/16, 13, 7, 39, 4, 1, 
2024/4/17, 14, 5, 38, 3, 1, 
2024/4/18, 8, 7, 38, 3, , 
2024/4/19, 14, 6, 43, 3, , 
2024/4/20, 14, 5, 42, 2, 1, 
2024/4/21, 14, 6, 36, 2, , 
2024/4/22, 15, 5, 35, 1, 1, 
2024/4/23, 10, 7, 40, 2, , 
2024/4/24, 12, 7, 38, 2, , 
2024/4/25, 15, 8, 39, 3, , 
2024/4/26, 28, 6, 34, 3, 1, 
2024/4/27, 24, 3, 35, 2, , 
2024/4/28, 9, 6, 25, 3, , 
2024/4/29, 25, 2, 32, 2, , 
2024/4/30, 11, 1, 37, 2, 1, 
2024/5/1, 6, 1, 39, 2, 1, 
2024/5/2, 5, 1, 37, , , 
2024/5/4, 11, 3, 32, 3, 1, 
2024/5/5, 7, 3, 36, 2, 1, 
2024/5/6, 8, 5, 38, 3, 1, 
2024/5/7, 11, 4, 40, 3, , 
2024/5/8, 7, 5, 42, 3, 1, 
2024/5/9, 9, 5, 44, 2, , 
2024/5/10, 10, 5, 43, 3, , 
2024/5/11, 9, 3, 39, 3, , 
2024/5/12, 8, 5, 42, 4, 1, 
2024/5/13, 11, 5, 35, 4, 1, 
2024/5/14, 13, 4, 33, 3, 1, 
2024/5/15, 9, 4, 37, 2, , 
2024/5/16, 15, 5, 35, 3, 1, 
2024/5/17, 10, 7, 37, 2, 1, 
2024/5/18, 19, 11, 37, 2, , 
2024/5/19, 37, 5, 33, 2, 1, 
2024/5/20, 17, 8, 33, 3, , 
2024/5/21, 28, 3, 41, 3, 1, 
2024/5/22, 9, 6, 40, 2, , 
2024/5/23, 21, 8, 39, 3, , 
2024/5/24, 30, 10, 37, 2, 1, 
2024/5/25, 35, 11, 35, 3, 1, 
2024/5/26, 41, 14, 35, 3, , 
2024/5/27, 46, 12, 29, 3, 1, 
2024/5/28, 38, 10, 39, 3, , 
2024/5/29, 23, 16, 38, 3, 1, 
2024/5/30, 24, 6, 36, 3, , 
2024/5/31, 15, 8, 34, 2, 1, 
2024/6/1, 26, 4, 36, 2, 1, 
2024/6/2, 14, 6, 37, 3, 1, 
2024/6/3, 19, 5, 37, 3, 1, 
2024/6/4, 13, 7, 41, 4, 1, 
2024/6/5, 18, 7, 42, 5, , 
2024/6/6, 15, 9, 43, 3, 1, 
2024/6/7, 15, 19, 43, 3, , 
2024/6/8, 23, 3, 37, 2, 1, 
2024/6/9, 11, 8, 29, 4, , 
2024/6/10, 25, 8, 20, 5, 1, 
2024/6/11, 31, 5, 23, 3, , 
2024/6/12, 18, 6, 37, 3, 1, 
2024/6/13, 19, 9, 44, 4, 1, 
2024/6/14, 30, 8, 36, 4, , 
2024/6/15, 23, 10, 30, 4, 1, 
2024/6/16, 37, 10, 35, 5, , 
2024/6/17, 35, 14, 37, 5, 1, 
2024/6/18, 45, 6, 33, 3, 1, 
2024/6/19, 19, 6, 34, 3, 1, 
2024/6/20, 19, 3, 40, 3, , 
2024/6/21, 8, 5, 43, 3, , 
2024/6/22, 11, 4, 30, 4, , 
2024/6/23, 13, 7, 28, 5, 1, 
2024/6/24, 19, 6, 34, 5, 1, 
2024/6/25, 15, 5, 9, 6, 1, 
2024/6/26, 19, 19, 39, 3, 1, 
2024/6/27, 24, 15, 40, 3, 1, 
2024/6/28, 30, 7, 35, 2, , 
2024/6/29, 20, 12, 38, 3, , 
2024/6/30, 31, 7, 34, 4, 1, 
2024/1/1, 10, 8, 27, 1, 2, 
2024/1/2, 14, 2, 26, 1, 1, 
2024/1/3, 7, 7, 22, 3, 1, 
2024/1/4, 28, 2, 27, 1, 1, 
2024/1/5, 9, 4, 26, , , 
2024/1/6, 7, 1, 28, , 1, 
2024/1/8, 17, 5, 24, 1, 1, 
2024/1/9, 16, 9, 19, 1, 1, 
2024/1/10, 34, 2, 21, , 1, 
2024/1/11, 9, 6, 22, 1, 1, 
2024/1/12, 24, 11, 23, 2, 2, 
2024/1/13, 30, 13, 25, 1, 1, 
2024/1/14, 23, 3, 25, 1, 1, 
2024/1/15, 9, 9, 29, 1, , 
2024/1/16, 23, 9, 30, 1, , 
2024/1/17, 13, 3, 28, , , 
2024/1/18, 7, , 17, , 1, 
2024/1/25, 22, 7, 24, 2, , 
2024/1/26, 23, 10, 27, 2, 1, 
2024/1/27, 36, 11, 26, 1, 2, 
2024/1/28, 39, 13, 25, , 1, 
2024/1/29, 45, 19, 23, 2, , 
2024/1/30, 62, 18, 26, 1, , 
2024/1/31, 62, 19, 25, 2, 2, 
2024/2/1, 55, 19, 27, 1, 1, 
2024/2/2, 51, 16, 29, 1, 1, 
2024/2/3, 51, 12, 28, 3, 1, 
2024/2/4, 39, 9, 31, , 2, 
2024/2/5, 28, 12, 23, 3, 1, 
2024/2/6, 36, 10, 29, , 1, 
2024/2/7, 29, 15, 30, , 1, 
2024/2/8, 38, 5, 26, 1, 1, 
2024/2/9, 19, 2, 30, , 1, 
2024/2/10, 9, 3, 28, , 1, 
2024/2/11, 13, 2, 31, , 1, 
2024/2/12, 7, 2, 28, , , 
2024/2/13, 9, 4, 24, , , 
2024/2/14, 14, 5, 29, , , 
2024/2/15, 18, 3, 32, , , 
2024/2/16, 16, 6, 30, , , 
2024/2/17, 12, 4, 29, , , 
2024/2/18, 17, 3, 30, 1, 1, 
2024/2/19, 16, 5, 33, 1, 1, 
2024/2/20, 19, 9, 30, 1, 2, 
2024/2/21, 26, 4, 28, , 1, 
2024/2/22, 10, 2, 31, , 2, 
2024/2/23, 5, 5, 32, , 1, 
2024/2/24, 8, 3, 26, , , 
2024/2/25, 10, 1, 29, , , 
2024/2/26, 5, 6, 32, , , 
2024/2/27, 9, 3, 33, , 1, 
2024/2/28, 7, 4, 33, , , 
2024/2/29, 11, 5, 31, , 1, 
2024/3/1, 13, 5, 37, , 1, 
2024/3/2, 17, 1, 33, , 3, 
2024/3/3, 6, 1, 28, 1, 2, 
2024/3/4, 5, 3, 32, 2, , 
2024/3/5, 11, 4, 36, 1, , 
2024/3/6, 13, 6, 32, 1, , 
2024/3/7, 24, 2, 29, 1, , 
2024/3/8, 11, 2, 34, , , 
2024/3/9, 11, , , , , 
2024/3/19, 21, 6, 35, 1, 1, 
2024/3/20, 22, 13, 32, 2, 1, 
2024/3/21, 36, 26, 33, 2, 1, 
2024/3/22, 35, 24, 34, 1, 1, 
2024/3/23, 44, 13, 31, 1, 1, 
2024/3/24, 38, 7, 24, 1, 1, 
2024/3/25, 29, 2, 32, 1, 1, 
2024/3/26, 14, 1, 28, 2, , 
2024/3/28, 8, 2, 32, , 1, 
2024/3/29, 7, 3, 34, 4, 1, 
2024/3/30, 14, 2, 35, 4, 1, 
2024/3/31, 8, 1, 34, 4, 1, 
2023/10/1, 18, 11, 36, 3, 1, 
2023/10/2, 33, 12, 35, 3, 1, 
2023/10/3, 44, 15, 36, 3, 1, 
2023/10/4, 50, 15, 36, 2, 1, 
2023/10/5, 48, 16, 36, 3, 1, 
2023/10/6, 48, 15, 33, 2, 1, 
2023/10/7, 50, 13, 32, 1, 1, 
2023/10/8, 45, 13, 35, 1, 1, 
2023/10/9, 43, 18, 35, 1, 1, 
2023/10/10, 33, 11, 37, 1, 1, 
2023/10/11, 32, 11, 35, 1, 1, 
2023/10/12, 38, 13, 34, , 1, 
2023/10/13, 38, 18, 28, , 1, 
2023/10/14, 35, 10, 30, , 1, 
2023/10/15, 34, 11, 25, , 1, 
2023/10/16, 40, 16, 29, , 1, 
2023/10/17, 52, 7, 27, , 1, 
2023/10/18, 31, 3, 30, 1, 1, 
2023/10/19, 7, 1, 30, 1, 1, 
2023/10/20, 5, 2, 31, 1, 1, 
2023/10/21, 11, 2, 31, 1, 1, 
2023/10/22, 9, 4, 29, 1, 1, 
2023/10/23, 10, 2, 28, 1, 1, 
2023/10/24, 6, 2, 27, 1, 1, 
2023/10/25, 7, 2, 24, , 1, 
2023/10/26, 5, 3, 28, 2, 1, 
2023/10/27, 9, 4, 28, 1, 1, 
2023/10/28, 8, 2, 29, 1, 1, 
2023/10/29, 9, 3, 29, 1, 1, 
2023/10/30, 12, 5, 25, 4, 1, 
2023/10/31, 11, 3, 27, 2, 1, 
2023/11/1, 9, 8, 28, 1, 1, 
2023/11/2, 9, 1, 27, 1, 1, 
2023/11/3, 6, 2, 31, 1, 1, 
2023/11/4, 7, 2, 29, , 1, 
2023/11/5, 8, 4, 28, 1, 1, 
2023/11/6, 8, 1, 29, 1, 1, 
2023/11/7, 6, 4, 27, 4, 1, 
2023/11/8, 13, 3, 29, 1, 1, 
2023/11/9, 9, 5, 28, 1, 1, 
2023/11/10, 10, 2, 21, 1, 1, 
2023/11/11, 8, 1, 17, 1, 1, 
2023/11/13, 8, 4, 22, 2, 1, 
2023/11/14, 7, 5, 22, 3, 1, 
2023/11/15, 13, 5, 20, 1, 1, 
2023/11/16, 11, 4, 27, 3, 1, 
2023/11/17, 9, 5, 27, 2, 1, 
2023/11/18, 19, 6, 26, 4, 1, 
2023/11/19, 20, 9, 27, 4, 1, 
2023/11/20, 29, 24, 25, 1, 1, 
2023/11/21, 19, 8, 27, , 1, 
2023/11/22, 8, 5, 29, , 1, 
2023/11/23, 9, 7, 32, 1, 1, 
2023/11/24, 10, 13, 24, 1, 1, 
2023/11/25, 27, 11, 22, 2, 1, 
2023/11/26, 33, 13, 25, 1, 1, 
2023/11/27, 26, 3, 21, 1, 1, 
2023/11/28, 10, 2, 25, 1, 1, 
2023/11/29, 8, 6, 25, 1, 1, 
2023/11/30, 19, 3, 28, , 1, 
2023/12/1, 10, 3, 25, , 1, 
2023/12/2, 6, 3, 25, 2, 1, 
2023/12/3, 21, 4, 26, 1, 1, 
2023/12/4, 13, 3, 26, 2, 1, 
2023/12/5, 11, 7, 25, 3, 1, 
2023/12/6, 25, 7, 24, 2, 1, 
2023/12/7, 19, 2, 29, 1, 1, 
2023/12/8, 7, 2, 27, 1, 1, 
2023/12/9, 6, 2, 24, 4, 1, 
2023/12/10, 7, 3, 24, 2, 1, 
2023/12/11, 9, 1, 26, 1, , 
2023/12/12, 5, 14, 27, 1, 1, 
2023/12/13, 13, 12, 28, 1, , 
2023/12/14, 11, 1, 29, 1, 1, 
2023/12/15, 5, 5, 28, 2, 1, 
2023/12/16, 21, 5, 26, 1, 1, 
2023/12/17, 19, 7, 28, 1, 1, 
2023/12/18, 15, 5, 28, 2, 2, 
2023/12/19, 11, 7, 30, , 1, 
2023/12/20, 8, 1, 29, 1, 1, 
2023/12/21, 5, 2, 29, 1, 1, 
2023/12/22, 6, 4, 30, 1, 1, 
2023/12/23, 12, 4, 26, , 1, 
2023/12/24, 16, 3, 26, 2, 1, 
2023/12/25, 12, 5, 26, 1, 1, 
2023/12/26, 12, 6, 26, 2, 1, 
2023/12/27, 16, 11, 23, 4, 2, 
2023/12/28, 31, 11, 19, 4, 1, 
2023/12/29, 29, 13, 25, 5, 1, 
2023/12/30, 40, 4, 29, 1, 1, 
2023/12/31, 14, 3, 26, 1, 1, 
2023/7/3, 34, 13, 27, 5, 1, 
2023/7/4, 46, 13, 29, 4, 1, 
2023/7/5, 46, 14, 28, 3, 1, 
2023/7/6, 45, 12, 29, 3, 1, 
2023/7/7, 37, 13, 38, 3, 1, 
2023/7/8, 39, 16, 37, 3, 1, 
2023/7/9, 45, 23, 33, 5, 1, 
2023/7/10, 52, 29, 35, 6, 1, 
2023/7/11, 59, 31, 29, 6, 1, 
2023/7/12, 62, 21, 28, 5, 1, 
2023/7/13, 54, 17, 33, 3, 1, 
2023/7/14, 48, 18, 34, 2, , 
2023/7/15, 49, 19, 28, 1, , 
2023/7/16, 51, 23, 25, 2, 1, 
2023/7/17, 60, 22, 37, 5, 1, 
2023/7/18, 52, 36, 41, 6, 1, 
2023/7/19, 57, 28, 33, 5, 1, 
2023/7/20, 66, 24, 39, 4, 1, 
2023/7/21, 51, 19, 34, 3, 1, 
2023/7/22, 52, 21, 27, 2, 1, 
2023/7/23, 55, 19, 40, 2, 1, 
2023/7/24, 38, 14, 32, 2, 1, 
2023/7/25, 29, 12, 35, 2, 1, 
2023/7/26, 28, 14, 32, 3, 1, 
2023/7/27, 35, 15, 33, 4, 1, 
2023/7/28, 43, 16, 37, 4, 1, 
2023/7/29, 45, 16, 27, 4, 1, 
2023/7/30, 47, 19, 30, 3, 1, 
2023/7/31, 51, 16, 35, 3, 1, 
2023/8/1, 42, 16, 47, 5, 1, 
2023/8/2, 34, 14, 31, 2, 1, 
2023/8/3, 28, 8, 30, 2, 1, 
2023/8/4, 11, 6, 37, 3, 1, 
2023/8/5, 17, 7, 35, 1, 1, 
2023/8/6, 14, 9, 33, 4, 1, 
2023/8/7, 24, 13, 31, 3, 1, 
2023/8/8, 37, 12, 35, 4, 1, 
2023/8/9, 33, 32, 37, 4, 1, 
2023/8/10, 52, 15, 38, 7, 1, 
2023/8/11, 42, 17, 40, 6, 1, 
2023/8/12, 46, , 39, 7, 1, 
2023/8/16, 9, , 36, 7, 1, 
2023/8/18, 56, 14, 35, 4, 1, 
2023/8/19, 34, 12, 36, 5, , 
2023/8/20, 33, 17, 40, 4, 1, 
2023/8/21, 31, 22, 42, 4, , 
2023/8/22, 37, 15, 45, 4, 1, 
2023/8/23, 30, 14, 45, 3, 1, 
2023/8/24, 28, 20, 63, 5, 1, 
2023/8/25, 40, , , , , 
2023/8/28, 6, 4, 31, 1, 1, 
2023/8/29, 9, 4, 32, 1, 1, 
2023/8/30, 11, 5, 36, 2, 1, 
2023/8/31, 12, 8, 36, 3, 1, 
2023/9/1, 20, 7, 21, 4, 1, 
2023/9/2, 24, , , , , 
2023/9/4, 60, 24, 33, 4, 1, 
2023/9/5, 54, 10, 34, 7, 1, 
2023/9/6, 31, 15, 36, 4, 1, 
2023/9/7, 46, 16, 34, 3, 1, 
2023/9/8, 51, 13, 35, 2, 1, 
2023/9/9, 41, 10, 34, 1, 1, 
2023/9/10, 34, 10, 37, 3, 1, 
2023/9/11, 35, 12, 35, 3, 1, 
2023/9/12, 43, 8, 34, 1, 1, 
2023/9/13, 26, 9, 33, 2, 1, 
2023/9/14, 30, 11, 22, 4, 1, 
2023/9/15, 40, 13, 29, 4, 1, 
2023/9/16, 40, 16, 28, 2, 1, 
2023/9/17, 48, 5, 30, 1, 1, 
2023/9/18, 14, 5, 27, 2, 1, 
2023/9/19, 14, 4, 31, 1, 1, 
2023/9/20, 10, 4, 34, , 1, 
2023/9/21, 12, 2, 29, 1, 1, 
2023/9/22, 7, 2, 31, , 1, 
2023/9/23, 7, 4, 34, 1, 1, 
2023/9/24, 15, 5, 34, 2, 1, 
2023/9/25, 18, 6, 34, 2, 1, 
2023/9/26, 20, 9, 35, 3, 1, 
2023/9/27, 30, 10, 38, 4, 1, 
2023/9/28, 34, 10, 36, 3, 1, 
2023/9/29, 32, 9, 38, 2, 1, 
2023/9/30, 26, 8, 38, 2, 1, 
2023/4/1, 18, 14, 34, 1, 1, 
2023/4/2, 10, 6, 41, , 1, 
2023/4/3, 8, 4, 24, 1, 1, 
2023/4/4, 9, 8, 40, 4, 1, 
2023/4/5, 18, 8, 41, 4, 1, 
2023/4/6, 20, 7, 43, 3, 1, 
2023/4/7, 15, 9, 42, 3, 1, 
2023/4/8, 21, 11, 40, 4, 1, 
2023/4/9, 37, 18, 39, 4, 1, 
2023/4/10, 44, 20, 44, 5, 1, 
2023/4/11, 40, 8, 42, 3, 1, 
2023/4/12, 14, 4, 36, , 1, 
2023/4/13, 9, 8, 30, 2, 1, 
2023/4/14, 8, 11, 34, , 1, 
2023/4/15, 16, 6, 43, , 1, 
2023/4/16, 8, 5, 42, 4, 1, 
2023/4/17, 10, 8, 40, 3, 1, 
2023/4/18, 26, 7, 42, 4, 1, 
2023/4/19, 19, 10, 47, 4, 1, 
2023/4/20, 20, 12, 46, 5, 1, 
2023/4/21, 26, 11, 38, 4, 1, 
2023/4/22, 32, 5, 42, 4, 1, 
2023/4/23, 17, 7, 37, 4, 1, 
2023/4/24, 14, 7, 44, 4, 1, 
2023/4/25, 13, 10, 40, 5, 1, 
2023/4/26, 29, 11, 40, 5, 1, 
2023/4/27, 33, 11, 39, 6, 1, 
2023/4/28, 29, 13, 38, 5, 1, 
2023/4/29, 25, 4, 34, 3, 1, 
2023/4/30, 13, 4, 36, 4, 1, 
2023/5/1, 13, 6, 40, 4, , 
2023/5/2, 11, 9, 44, 4, 1, 
2023/5/3, 13, 10, 44, 5, 1, 
2023/5/4, 17, 10, 43, 5, 1, 
2023/5/5, 26, 8, 41, 4, 1, 
2023/5/6, 21, 8, 35, 4, 1, 
2023/5/7, 22, 7, 39, 6, 1, 
2023/5/8, 22, 8, 43, 8, 1, 
2023/5/9, 18, 5, 37, 3, 1, 
2023/5/10, 12, 6, 37, 3, 1, 
2023/5/11, 15, 3, 33, 2, 1, 
2023/5/12, 9, 1, 30, 3, 1, 
2023/5/13, 8, 2, 33, 3, 1, 
2023/5/14, 10, 9, 42, 2, , 
2023/5/15, 27, 6, 36, , 1, 
2023/5/16, 12, 7, 40, 4, 1, 
2023/5/17, 18, 9, 39, 1, 1, 
2023/5/18, 24, 8, 39, 2, 1, 
2023/5/19, 24, 9, 34, 2, 1, 
2023/5/20, 32, , , , , 
2023/5/22, 41, 11, 41, 1, 1, 
2023/5/23, 36, 11, 38, 3, , 
2023/5/24, 41, 11, 28, 3, 1, 
2023/5/25, 41, 11, 26, 4, 1, 
2023/5/26, 37, 17, 33, 2, 1, 
2023/5/27, 49, 11, 34, 3, 1, 
2023/5/28, 38, 9, 39, 4, 1, 
2023/5/29, 27, 13, 35, 5, 1, 
2023/5/30, 44, 10, 39, 3, 1, 
2023/5/31, 33, 13, 40, 4, 1, 
2023/6/1, 48, 12, 39, 3, 1, 
2023/6/2, 45, 10, 38, 3, 1, 
2023/6/3, 39, 10, 33, 4, 1, 
2023/6/4, 37, 10, 38, 5, 1, 
2023/6/5, 36, 7, 41, 5, 1, 
2023/6/6, 26, 7, 26, 4, 1, 
2023/6/7, 28, 9, 32, 5, 1, 
2023/6/8, 29, 5, 31, 3, 1, 
2023/6/9, 18, 4, 36, 3, 1, 
2023/6/10, 15, 6, 35, 4, , 
2023/6/11, 19, 6, 36, 4, 1, 
2023/6/12, 20, 4, 45, 2, , 
2023/6/13, 16, 5, 39, 5, 1, 
2023/6/14, 15, 10, 53, 4, , 
2023/6/15, 35, 10, 50, 6, 1, 
2023/6/16, 33, 9, 52, 6, 1, 
2023/6/17, 29, 10, 44, 6, 1, 
2023/6/18, 38, 10, 46, 6, 1, 
2023/6/19, 30, 16, 39, 8, 1, 
2023/6/20, 47, 19, 38, 4, 1, 
2023/6/21, 52, 4, 46, 1, , 
2023/6/22, 10, 6, 44, 2, 1, 
2023/6/23, 17, 6, 43, 3, 1, 
2023/6/24, 18, 10, 50, 3, 1, 
2023/6/25, 27, 7, 49, 2, 1, 
2023/6/26, 20, 12, 44, 4, 1, 
2023/6/27, 37, 13, 41, 4, 1, 
2023/6/28, 44, 16, 7, 5, 1, 
2023/6/29, 59, , , , , 
2023/1/2, 37, 9, 18, 5, 1, 
2023/1/3, 35, 9, 24, 5, 1, 
2023/1/4, 34, 5, 23, 3, 2, 
2023/1/5, 19, 7, 22, 3, 1, 
2023/1/6, 26, 7, 26, 1, 2, 
2023/1/7, 26, 3, 25, , 1, 
2023/1/8, 11, 2, 29, 1, 1, 
2023/1/9, 7, 4, 30, 3, 1, 
2023/1/10, 11, 1, 22, , , 
2023/1/11, 5, 3, 29, 2, 1, 
2023/1/12, 9, 2, 27, , 2, 
2023/1/13, 9, 4, 26, 1, 1, 
2023/1/14, 15, 2, 29, , 1, 
2023/1/15, 7, 11, 28, , 2, 
2023/1/16, 9, 1, 33, , 1, 
2023/1/17, 5, 2, 31, , 1, 
2023/1/18, 6, 2, 28, , 2, 
2023/1/19, 6, 2, 30, , 1, 
2023/1/20, 6, 1, 29, , 1, 
2023/1/21, 5, 3, 28, , 2, 
2023/1/22, 9, 4, 27, , 1, 
2023/1/23, 16, 6, 23, 1, 2, 
2023/1/24, 24, 6, 26, , 2, 
2023/1/25, 17, 4, 29, , 2, 
2023/1/26, 15, 2, 29, , 1, 
2023/1/27, 7, 4, 27, , 2, 
2023/1/28, 17, 5, 25, , 2, 
2023/1/29, 23, 5, 28, , 3, 
2023/1/30, 19, , , , , 
2023/2/6, 20, 4, 27, 5, 1, 
2023/2/7, 17, 2, 27, 1, , 
2023/2/8, 9, 7, 29, 3, , 
2023/2/9, 26, 4, 32, 1, 1, 
2023/2/10, 19, , , , 1, 
2023/2/11, 46, , , , , 
2023/2/15, 60, 14, 33, 4, 1, 
2023/2/16, 52, 12, 35, 2, 1, 
2023/2/17, 46, 10, 24, 5, 2, 
2023/2/18, 33, 22, 29, 9, 1, 
2023/2/19, 60, 10, 34, 5, 1, 
2023/2/20, 33, 9, 21, 3, 1, 
2023/2/21, 29, 38, 26, 6, 1, 
2023/2/22, 70, 18, 11, 2, 1, 
2023/2/23, 54, , , , , 
2023/2/27, 15, 7, 30, , , 
2023/2/28, 23, 5, 29, 1, , 
2023/3/1, 23, 11, 30, 1, 1, 
2023/3/2, 48, 9, 33, 1, 1, 
2023/3/3, 34, 12, 34, 4, 1, 
2023/3/4, 47, , , 3, 1, 
2023/3/5, 57, , , , , 
2023/3/7, 9, 3, 25, 1, 1, 
2023/3/8, 9, 3, 24, 1, 1, 
2023/3/9, 10, 4, 26, 1, 1, 
2023/3/10, 14, 3, 28, 1, 1, 
2023/3/11, 11, 2, 17, , 1, 
2023/3/12, 5, 7, 30, 3, 1, 
2023/3/13, 12, 4, 31, 1, 1, 
2023/3/14, 9, 8, 37, 3, 1, 
2023/3/15, 16, 9, 41, 3, 1, 
2023/3/16, 22, 7, 38, 3, 1, 
2023/3/17, 23, 6, 35, 2, 1, 
2023/3/18, 17, 3, 32, 2, 1, 
2023/3/19, 11, 3, 31, 1, 1, 
2023/3/20, 11, 10, 36, 4, 1, 
2023/3/21, 26, 13, 40, 4, 1, 
2023/3/22, 38, 11, 42, 4, 1, 
2023/3/23, 24, 9, 35, 2, 1, 
2023/3/24, 15, , , , , 
2023/3/28, 30, 11, 34, 4, 1, 
2023/3/29, 17, 15, 41, 2, , 
2023/3/30, 18, 10, 36, 1, 1, 
2023/3/31, 17, 10, 37, 1, 1, 
2022/10/1, 7, 4, 38, 2, 1, 
2022/10/2, 8, 8, 33, 4, 1, 
2022/10/3, 13, 8, 35, 5, 1, 
2022/10/4, 26, 11, 34, 2, 1, 
2022/10/5, 35, 9, 30, 1, , 
2022/10/6, 29, 7, 27, 1, 1, 
2022/10/7, 24, 12, 25, 2, 1, 
2022/10/8, 41, 12, 28, 2, 1, 
2022/10/9, 38, 14, 27, 2, 1, 
2022/10/10, 41, 9, 27, 2, 1, 
2022/10/11, 29, , , , , 
2022/10/13, 34, 9, 33, 5, 1, 
2022/10/14, 22, 10, 35, 6, 1, 
2022/10/15, 32, 15, 31, 4, 1, 
2022/10/16, 40, 14, 32, 3, 1, 
2022/10/17, 43, 20, 31, 3, 1, 
2022/10/18, 50, 26, 27, 8, 1, 
2022/10/19, 68, 28, 22, 5, 1, 
2022/10/20, 73, 6, 25, 1, 1, 
2022/10/21, 19, 6, 22, 3, 1, 
2022/10/22, 18, 12, 22, 3, 1, 
2022/10/23, 32, 13, 23, 4, 1, 
2022/10/24, 24, 16, 27, 8, 1, 
2022/10/25, 41, 20, 24, 6, 1, 
2022/10/26, 37, 18, 28, 6, 1, 
2022/10/27, 36, 19, 32, 8, 1, 
2022/10/28, 48, 15, 35, 6, 1, 
2022/10/29, 48, 19, 31, 5, 1, 
2022/10/30, 59, 20, 28, 4, 1, 
2022/10/31, 57, 11, 27, 3, 1, 
2022/11/1, 32, 13, 27, 3, 1, 
2022/11/2, 44, 10, 25, 3, 1, 
2022/11/3, 30, 4, 28, , 1, 
2022/11/4, 7, 9, 29, 2, 1, 
2022/11/5, 11, 7, 28, 3, 1, 
2022/11/6, 12, 8, 32, 4, , 
2022/11/7, 22, 9, 26, 2, , 
2022/11/8, 20, 4, 24, 2, 1, 
2022/11/9, 14, 2, 28, , 1, 
2022/11/10, 9, 3, 22, 1, 1, 
2022/11/11, 14, 11, 13, 1, 1, 
2022/11/12, 40, , , , , 
2022/11/15, 10, 2, 25, , 1, 
2022/11/16, 8, 1, 25, , 1, 
2022/11/17, 6, 2, 26, , 1, 
2022/11/18, 10, 2, 28, , 1, 
2022/11/19, 7, 2, 26, , 1, 
2022/11/20, 6, 1, 28, , 1, 
2022/11/21, 6, 2, 27, , 1, 
2022/11/22, 9, 1, 21, 1, 1, 
2022/11/23, 7, 3, 24, , 1, 
2022/11/24, 12, 1, 27, , 1, 
2022/11/25, 6, 3, 26, 2, 1, 
2022/11/26, 11, 5, 22, 4, 1, 
2022/11/27, 21, 2, 26, , , 
2022/11/28, 7, 2, 27, , 1, 
2022/11/29, 9, 5, 23, 2, , 
2022/11/30, 19, 8, 22, 1, , 
2022/12/1, 34, 7, 24, 2, 1, 
2022/12/2, 26, 8, 23, 2, 2, 
2022/12/3, 32, 9, 24, 2, 1, 
2022/12/4, 37, 13, 17, 3, 1, 
2022/12/5, 50, , , , , 
2022/12/7, 51, 12, 13, 4, 1, 
2022/12/8, 49, 3, 25, , 1, 
2022/12/9, 13, 2, 22, , 1, 
2022/12/10, 9, 4, 17, , 1, 
2022/12/11, 17, 7, 11, 2, 1, 
2022/12/12, 27, 6, 17, 3, 1, 
2022/12/13, 23, 3, 21, 1, 1, 
2022/12/14, 13, 2, 27, , , 
2022/12/15, 9, 2, 23, 1, 1, 
2022/12/16, 7, 9, 14, 2, 1, 
2022/12/17, 41, 9, 16, 3, 1, 
2022/12/18, 35, 6, 6, 1, 1, 
2022/12/19, 26, 9, 17, 4, 2, 
2022/12/20, 33, 2, 26, , 1, 
2022/12/21, 9, 1, 25, , 1, 
2022/12/22, 8, 2, 21, 1, 1, 
2022/12/23, 7, 2, 27, , 1, 
2022/12/24, 9, 5, 24, , 1, 
2022/12/25, 14, 6, 21, 2, 1, 
2022/12/26, 19, 7, 22, 3, 1, 
2022/12/27, 22, 6, 23, 1, 1, 
2022/12/28, 17, 9, 26, 1, 1, 
2022/12/29, 17, 6, 23, , 1, 
2022/12/30, 15, 8, 20, 1, 1, 
2022/12/31, 20, 2, 22, , , 
2023/1/1, 9, 12, 17, 5, 1, 
2022/7/1, 35, 10, 28, 3, 1, 
2022/7/2, 31, 15, 39, 4, 1, 
2022/7/3, 30, 18, 47, 7, 1, 
2022/7/4, 36, 18, 40, 7, 1, 
2022/7/5, 44, 15, 41, 9, 1, 
2022/7/6, 41, 9, 46, 6, 1, 
2022/7/7, 22, 9, 58, 7, 1, 
2022/7/8, 23, 8, 48, 7, 1, 
2022/7/9, 21, 11, 47, 7, 1, 
2022/7/10, 21, 9, 48, 7, 1, 
2022/7/11, 18, 9, 48, 8, 1, 
2022/7/12, 19, 11, 46, 9, 1, 
2022/7/13, 20, 13, 49, 9, 2, 
2022/7/14, 24, 12, 49, 8, 1, 
2022/7/15, 31, 14, 53, 6, 1, 
2022/7/16, 35, 16, 58, 7, 1, 
2022/7/17, 39, 15, 54, 7, 1, 
2022/7/18, 36, 13, 48, 6, 1, 
2022/7/19, 32, 12, 40, 5, 1, 
2022/7/20, 31, 14, 38, 4, 1, 
2022/7/21, 29, 13, 45, 4, 1, 
2022/7/22, 33, 17, 37, 3, 1, 
2022/7/23, 41, 18, 43, 5, 1, 
2022/7/24, 46, 32, 38, 4, 1, 
2022/7/25, 54, 20, 33, 5, 1, 
2022/7/26, 53, 18, 29, 5, 1, 
2022/7/27, 50, 18, 34, 3, 1, 
2022/7/28, 51, 18, 32, 2, 1, 
2022/7/29, 51, 16, 30, 2, 1, 
2022/7/30, 46, 14, 31, 2, 1, 
2022/7/31, 41, 13, 37, 3, 1, 
2022/8/1, 40, 14, 47, 7, 1, 
2022/8/2, 36, 16, 48, 5, 1, 
2022/8/3, 32, 14, 44, 5, 1, 
2022/8/4, 28, 12, 41, 4, 1, 
2022/8/5, 26, 10, 43, 3, 1, 
2022/8/6, 27, 12, 43, 2, 1, 
2022/8/7, 33, 13, 44, 3, 1, 
2022/8/8, 34, 13, 45, 4, 1, 
2022/8/9, 34, 14, 47, 4, 1, 
2022/8/10, 31, 14, 49, 4, 1, 
2022/8/11, 26, 22, 51, 5, 1, 
2022/8/12, 34, 39, 38, 1, 1, 
2022/8/13, 47, 28, 47, , , 
2022/8/14, 48, 19, 44, 2, , 
2022/8/15, 46, 21, 43, 3, 1, 
2022/8/16, 53, 22, 39, 3, 1, 
2022/8/17, 50, 5, 33, 1, 1, 
2022/8/18, 11, 4, 28, , 1, 
2022/8/19, 9, , , , , 
2022/8/22, 20, 10, 32, 4, 1, 
2022/8/23, 26, 12, 35, 3, 1, 
2022/8/24, 33, 11, 33, 3, 1, 
2022/8/25, 26, 9, 34, 5, 1, 
2022/8/26, 26, 8, 40, 7, 1, 
2022/8/27, 23, 10, 39, 8, 1, 
2022/8/28, 32, 9, 39, 8, 1, 
2022/8/29, 27, 18, 39, 8, 1, 
2022/8/30, 45, 30, 31, 1, 1, 
2022/8/31, 52, 17, 37, 4, 1, 
2022/9/1, 48, 15, 39, 4, 1, 
2022/9/2, 35, 12, 39, 5, 1, 
2022/9/3, 25, 10, 36, 3, 1, 
2022/9/4, 28, 12, 35, 4, 1, 
2022/9/5, 34, 12, 40, 2, 1, 
2022/9/6, 22, 9, 34, 2, 1, 
2022/9/7, 13, 11, 40, 2, 1, 
2022/9/8, 14, 7, 33, 3, 1, 
2022/9/9, 14, 7, 35, 4, 1, 
2022/9/10, 19, 11, 11, 4, 1, 
2022/9/11, 38, 9, 30, 3, 1, 
2022/9/12, 25, 10, 16, 3, , 
2022/9/13, 30, 6, 28, 4, 1, 
2022/9/14, 16, 5, 33, 2, 1, 
2022/9/15, 14, 4, 35, 3, 1, 
2022/9/16, 12, 9, 30, 2, 1, 
2022/9/17, 31, 10, 29, 2, 1, 
2022/9/18, 35, , , , , 
2022/9/20, 24, 10, 33, 5, 1, 
2022/9/21, 30, 10, 33, 4, 1, 
2022/9/22, 36, 11, 36, 5, 1, 
2022/9/23, 41, 12, 32, 5, 1, 
2022/9/24, 43, 4, 30, 1, 1, 
2022/9/25, 13, 5, 28, , 1, 
2022/9/26, 13, 6, 26, , 1, 
2022/9/27, 10, 4, 27, 1, 1, 
2022/9/28, 7, 4, 28, 1, 1, 
2022/9/29, 8, 6, 28, , 1, 
2022/9/30, 7, 3, 32, , 1, 
2022/4/1, 12, 2, 37, 1, 1, 
2022/4/2, 7, 2, 37, 1, 1, 
2022/4/3, 11, 8, 32, 3, 1, 
2022/4/4, 32, 13, 37, 4, 1, 
2022/4/5, 44, 8, 35, 5, 1, 
2022/4/6, 25, 5, 34, 4, 1, 
2022/4/7, 15, 4, 30, 2, 1, 
2022/4/8, 11, 4, 31, 2, 1, 
2022/4/9, 11, 10, 30, 4, 1, 
2022/4/10, 37, 8, 37, 4, 1, 
2022/4/11, 25, 12, 29, 5, 1, 
2022/4/12, 44, 5, 28, 4, 1, 
2022/4/13, 21, 7, 39, 3, 1, 
2022/4/14, 19, 9, 45, 4, 1, 
2022/4/15, 27, 12, 40, 4, 1, 
2022/4/16, 26, 10, 41, 3, 1, 
2022/4/17, 22, 11, 45, 5, 1, 
2022/4/18, 32, 14, 34, 6, 1, 
2022/4/19, 52, 5, 32, 2, 1, 
2022/4/20, 22, 1, 33, 1, 1, 
2022/4/21, 8, 5, 34, 2, 1, 
2022/4/22, 16, 1, 33, 2, 1, 
2022/4/23, 8, 2, 36, 3, 1, 
2022/4/24, 7, 4, 42, 3, 1, 
2022/4/25, 13, 4, 42, 3, 1, 
2022/4/26, 13, 7, 29, 5, 1, 
2022/4/27, 23, 7, 34, 5, 1, 
2022/4/28, 23, 9, 42, 5, 1, 
2022/4/29, 30, 15, 33, 4, 1, 
2022/4/30, 39, 10, 38, 3, 1, 
2022/5/1, 31, 14, 39, 5, 1, 
2022/5/2, 45, 5, 37, 1, , 
2022/5/3, 20, 9, 37, 2, 1, 
2022/5/4, 35, 8, 34, 2, 1, 
2022/5/5, 30, 7, 37, 2, 1, 
2022/5/6, 22, 5, 40, 2, 1, 
2022/5/7, 14, 6, 42, 2, 1, 
2022/5/8, 19, 7, 44, 3, 1, 
2022/5/9, 20, 7, 43, 3, 1, 
2022/5/10, 20, 9, 44, 5, 1, 
2022/5/11, 25, 11, 38, 4, 1, 
2022/5/12, 29, 11, 43, 5, 1, 
2022/5/13, 31, 13, 44, 5, 1, 
2022/5/14, 31, 11, 46, 3, 1, 
2022/5/15, 26, 13, 40, 4, 1, 
2022/5/16, 32, 17, 48, 6, 1, 
2022/5/17, 39, 17, 45, 6, 1, 
2022/5/18, 43, 15, 38, 5, 1, 
2022/5/19, 35, 13, 42, 5, 1, 
2022/5/20, 29, 12, 49, 6, 1, 
2022/5/21, 25, 13, 43, 6, 1, 
2022/5/22, 22, 15, 46, 5, 1, 
2022/5/23, 25, 11, 37, 6, 1, 
2022/5/24, 29, 2, 29, 2, 1, 
2022/5/25, 6, 4, 32, 1, 1, 
2022/5/26, 7, 9, 42, 5, 1, 
2022/5/27, 17, 15, 44, 5, 1, 
2022/5/28, 32, 12, 41, 5, 1, 
2022/5/29, 26, 13, 36, 6, 1, 
2022/5/30, 31, 12, 40, 5, 1, 
2022/5/31, 27, 14, 43, 6, 1, 
2022/6/1, 39, 16, 37, 7, 1, 
2022/6/2, 43, 17, 36, 6, , 
2022/6/3, 51, 15, 35, 5, 1, 
2022/6/4, 42, 9, 39, 3, 1, 
2022/6/5, 16, 11, 41, 4, 1, 
2022/6/6, 23, 13, 39, 5, 1, 
2022/6/7, 29, 11, 16, 4, 1, 
2022/6/8, 34, 9, 36, 4, 1, 
2022/6/9, 16, 11, 38, 4, 1, 
2022/6/10, 21, 8, 36, 3, 1, 
2022/6/11, 17, 8, 41, 3, 1, 
2022/6/12, 14, 10, 45, 5, 2, 
2022/6/13, 13, 14, 46, 7, 2, 
2022/6/14, 22, 18, 48, 7, 2, 
2022/6/15, 28, 17, 46, 6, 2, 
2022/6/16, 27, 27, 50, 6, 1, 
2022/6/17, 38, , , , , 
2022/6/20, 48, 23, 30, 6, 1, 
2022/6/21, 56, 10, 36, 4, 1, 
2022/6/22, 23, 6, 36, 3, 1, 
2022/6/23, 14, 4, 35, 2, 2, 
2022/6/24, 9, , , , , 
2022/6/29, 12, 10, 39, 5, 1, 
2022/6/30, 32, 11, 24, 5, 1, 
2022/1/3, 26, 5, 28, 3, , 
2022/1/4, 13, 1, 29, 1, 1, 
2022/1/5, 6, 1, 29, 1, 1, 
2022/1/6, 5, 1, 31, 1, 1, 
2022/1/7, 6, 3, 29, 1, 1, 
2022/1/8, 10, 2, 30, 1, 1, 
2022/1/9, 8, 5, 25, 1, 1, 
2022/1/10, 7, 7, 26, 3, 1, 
2022/1/11, 26, 5, 30, 1, 1, 
2022/1/12, 17, 7, 28, 2, 1, 
2022/1/13, 27, 8, 29, 4, 1, 
2022/1/14, 28, 39, 24, 17, 6, 
2022/1/15, 32, 7, 31, 6, 1, 
2022/1/16, 26, 9, 31, 6, 1, 
2022/1/17, 31, 9, 28, 8, 2, 
2022/1/18, 27, 13, 31, 8, 2, 
2022/1/19, 45, 8, 29, 5, 1, 
2022/1/20, 28, 5, 27, 3, 1, 
2022/1/21, 22, 13, 28, 5, 1, 
2022/1/22, 48, 9, 25, 3, 1, 
2022/1/23, 38, 4, 21, 4, 1, 
2022/1/24, 19, 6, 32, 5, , 
2022/1/25, 28, 5, 31, 3, 1, 
2022/1/26, 23, 5, 32, 3, 1, 
2022/1/27, 18, 4, 34, 2, 1, 
2022/1/28, 13, 8, , 4, 1, 
2022/1/29, 21, 5, 32, 4, 2, 
2022/1/30, 18, 5, 31, 2, 1, 
2022/1/31, 7, 2, 32, 2, 1, 
2022/2/1, 6, 5, 31, 4, 1, 
2022/2/2, 13, 10, 28, 7, 2, 
2022/2/3, 24, 14, 29, 7, 1, 
2022/2/4, 42, 16, 16, 8, 1, 
2022/2/5, 59, 9, 27, 5, 1, 
2022/2/6, 37, 3, 31, 3, 1, 
2022/2/7, 11, 7, 33, 4, 1, 
2022/2/8, 28, 12, 35, 4, 1, 
2022/2/9, 45, 12, 34, 5, 1, 
2022/2/10, 43, 16, 35, 5, 1, 
2022/2/11, 46, 16, 35, 5, 1, 
2022/2/12, 48, 17, 29, 5, 1, 
2022/2/13, 54, 3, 33, 3, 1, 
2022/2/14, 14, 2, 31, 2, 1, 
2022/2/15, 7, 2, 31, 1, 1, 
2022/2/16, 9, 5, 29, 4, 1, 
2022/2/17, 15, 10, 33, 5, 1, 
2022/2/18, 27, 7, 28, 4, 1, 
2022/2/19, 21, 3, 31, 3, 1, 
2022/2/20, 10, 4, 32, 1, 1, 
2022/2/21, 8, 6, 32, 3, 1, 
2022/2/22, 17, 9, 33, 4, 1, 
2022/2/23, 32, 11, 32, 5, 1, 
2022/2/24, 36, 9, 24, 5, 1, 
2022/2/25, 36, 9, 26, 4, 1, 
2022/2/26, 33, 9, 31, 3, 1, 
2022/2/27, 32, 10, 31, 5, 1, 
2022/2/28, 34, 10, 32, 4, 1, 
2022/3/1, 34, 9, 33, 4, 1, 
2022/3/2, 31, 7, 31, 5, 1, 
2022/3/3, 32, 2, 32, 2, 1, 
2022/3/4, 14, 4, 32, 2, 1, 
2022/3/5, 15, 4, 28, 1, 1, 
2022/3/6, 16, 3, 27, 2, 1, 
2022/3/7, 14, 5, 29, 2, 1, 
2022/3/8, 20, 7, 32, 2, 1, 
2022/3/9, 27, 9, 36, 2, 1, 
2022/3/10, 37, 14, 27, 4, 1, 
2022/3/11, 50, 2, 34, 1, 1, 
2022/3/12, 13, 3, 35, 2, 1, 
2022/3/13, 12, 6, 33, 2, 1, 
2022/3/14, 23, 19, 32, 1, 1, 
2022/3/15, 52, 9, 33, 1, 1, 
2022/3/16, 30, 7, 32, 1, 1, 
2022/3/17, 23, 11, 30, 1, 1, 
2022/3/18, 37, 11, 32, 1, 1, 
2022/3/19, 37, 11, 32, 1, 1, 
2022/3/20, 42, 3, 35, 1, 1, 
2022/3/21, 12, 7, 37, 1, 1, 
2022/3/22, 28, 7, 39, 1, 1, 
2022/3/23, 29, 3, 38, 1, 1, 
2022/3/24, 12, 9, 40, 1, 1, 
2022/3/25, 37, 8, 39, 1, 1, 
2022/3/26, 33, 16, 37, 1, 1, 
2022/3/27, 52, 28, 39, 1, 1, 
2022/3/28, 59, 40, 35, 2, , 
2022/3/29, 75, 30, 30, 2, 1, 
2022/3/30, 70, 5, 36, 1, 1, 
2022/3/31, 19, 3, 35, 1, 1, 
2021/10/1, 60, 18, 36, 1, 1, 
2021/10/2, 62, 12, 28, , , 
2021/10/3, 40, 2, 28, , , 
2021/10/4, 6, 3, 28, 1, , 
2021/10/5, 10, 3, 30, 1, , 
2021/10/6, 9, 7, 35, 1, , 
2021/10/7, 19, 8, 36, 1, , 
2021/10/8, 26, 7, 35, , , 
2021/10/9, 26, 7, 33, , , 
2021/10/10, 26, 9, 32, 1, , 
2021/10/11, 34, 7, 34, 1, , 
2021/10/12, 24, 7, 37, , , 
2021/10/13, 24, 10, 38, , , 
2021/10/14, 36, 12, 33, 3, , 
2021/10/15, 40, 10, 35, 1, , 
2021/10/16, 30, 3, 18, 2, , 
2021/10/17, 13, 3, 33, 3, , 
2021/10/18, 14, 2, 35, 1, , 
2021/10/19, 10, 9, 36, 1, , 
2021/10/20, 33, 7, 31, 2, 1, 
2021/10/21, 22, 5, 27, 1, , 
2021/10/22, 14, , , , , 
2021/10/25, 41, 10, 36, 8, , 
2021/10/26, 30, 8, 26, 7, , 
2021/10/27, 27, 14, 31, 11, , 
2021/10/28, 47, 11, 30, 9, 1, 
2021/10/29, 36, 4, 17, 10, 1, 
2021/10/30, 18, 2, 21, 10, 1, 
2021/10/31, 9, 2, 31, 7, 1, 
2021/11/1, 9, 2, 26, 6, 1, 
2021/11/2, 9, 1, 31, 4, 1, 
2021/11/3, 7, 1, 28, 2, 1, 
2021/11/4, 7, 1, 28, 1, 1, 
2021/11/5, 5, 1, 29, 1, 1, 
2021/11/6, 7, 3, 31, 1, 1, 
2021/11/7, 6, 3, 31, 1, 1, 
2021/11/8, 7, 6, 31, 7, 1, 
2021/11/9, 17, 4, 30, 3, 1, 
2021/11/10, 16, 4, 31, 4, 1, 
2021/11/11, 14, 4, 28, 5, 1, 
2021/11/12, 13, 8, 22, 7, 1, 
2021/11/13, 30, 3, 29, 3, 1, 
2021/11/14, 14, 2, 27, 1, 1, 
2021/11/15, 9, 4, 28, 3, 1, 
2021/11/16, 14, 5, 30, 5, 1, 
2021/11/17, 18, 8, 24, 4, 1, 
2021/11/18, 29, 8, 29, 5, 1, 
2021/11/19, 32, 9, 16, 6, 1, 
2021/11/20, 37, 5, 26, 6, 1, 
2021/11/21, 19, 6, 21, 6, 1, 
2021/11/22, 23, 2, 27, 2, , 
2021/11/23, 11, 1, 24, 1, 1, 
2021/11/24, 8, 1, 26, 1, 1, 
2021/11/25, 6, 1, 26, 1, 1, 
2021/11/26, 6, 1, 29, 1, 1, 
2021/11/27, 6, 1, 30, 1, 1, 
2021/11/28, 5, , 29, 1, 1, 
2021/11/30, 16, 3, 27, 2, , 
2021/12/1, 14, 2, 28, 1, 1, 
2021/12/2, 6, 2, 27, 1, 1, 
2021/12/3, 5, 1, 28, 1, 1, 
2021/12/4, 6, 1, 30, 1, 1, 
2021/12/5, 5, 1, 29, 1, 1, 
2021/12/6, 7, 1, 28, 1, 1, 
2021/12/7, 7, 1, 32, , 1, 
2021/12/8, 5, 2, 28, 2, 1, 
2021/12/9, 8, 1, 31, 1, 1, 
2021/12/10, 6, 1, 31, , 1, 
2021/12/11, 8, , , , , 
2021/12/13, 27, 7, 22, 6, 1, 
2021/12/14, 30, 7, 25, 7, 1, 
2021/12/15, 24, 2, 13, 6, 1, 
2021/12/16, 11, 8, 24, 7, 2, 
2021/12/17, 34, , , , , 
2021/12/20, 35, 11, 22, 7, 1, 
2021/12/21, 31, 16, 14, 9, 1, 
2021/12/22, 51, 10, 17, 7, 1, 
2021/12/23, 41, 5, 14, 7, 1, 
2021/12/24, 20, 2, 24, 5, 1, 
2021/12/25, 11, 1, 24, 4, 1, 
2021/12/26, 8, 2, 30, 2, 1, 
2021/12/27, 8, 3, 27, 2, 1, 
2021/12/28, 9, 2, 27, 1, 1, 
2021/12/29, 7, 5, 23, 5, 1, 
2021/12/30, 19, 6, 22, 5, , 
2021/12/31, 17, 3, 23, 4, , 
2022/1/1, 10, 5, 21, 7, 1, 
2022/1/2, 12, 8, 21, 8, 1, 
2021/7/1, 26, 8, 18, 2, 1, 
2021/7/2, 31, 17, 42, 3, 1, 
2021/7/3, 45, 8, 39, 1, 1, 
2021/7/4, 17, 16, 43, 5, 1, 
2021/7/5, 34, 10, 34, 2, 1, 
2021/7/6, 17, 8, 35, 2, 1, 
2021/7/7, 19, 8, 37, , 1, 
2021/7/8, 15, 9, 38, 1, 1, 
2021/7/9, 23, 10, 40, 1, 1, 
2021/7/10, 25, 13, 38, 2, 1, 
2021/7/11, 24, 26, 40, 1, 1, 
2021/7/12, 34, 10, 27, 1, 1, 
2021/7/13, 12, 8, 38, , 1, 
2021/7/14, 12, 8, 37, 2, 1, 
2021/7/15, 18, 9, 41, 2, 1, 
2021/7/16, 22, 11, 37, 2, 1, 
2021/7/17, 32, 11, 43, 1, 1, 
2021/7/18, 33, 12, 42, 2, 1, 
2021/7/19, 26, 16, 52, 3, 1, 
2021/7/20, 28, 17, 49, 4, 1, 
2021/7/21, 41, 12, 52, 4, 1, 
2021/7/22, 24, 21, 53, 5, 1, 
2021/7/23, 30, 26, 45, 5, 1, 
2021/7/24, 41, 15, 38, 3, 1, 
2021/7/25, 39, 7, 34, 2, 1, 
2021/7/26, 28, 10, 44, 4, 1, 
2021/7/27, 33, 10, 41, 5, 1, 
2021/7/28, 33, 12, 43, 5, 1, 
2021/7/29, 39, 16, 45, 6, 1, 
2021/7/30, 44, 20, 35, 4, 1, 
2021/7/31, 61, 5, 34, , 1, 
2021/8/1, 12, 6, 39, , 1, 
2021/8/2, 17, 8, 41, 1, 1, 
2021/8/3, 18, 9, 43, 2, 1, 
2021/8/4, 20, 10, 47, 3, 1, 
2021/8/5, 27, 13, 44, 5, 1, 
2021/8/6, 35, 11, 42, 2, 1, 
2021/8/7, 24, 8, 21, 2, 1, 
2021/8/8, 26, 13, 30, 3, 1, 
2021/8/9, 35, 8, 10, 3, , 
2021/8/10, 25, 34, 36, 5, 1, 
2021/8/11, 48, 31, 23, 2, 1, 
2021/8/12, 57, 37, 20, 4, 1, 
2021/8/13, 63, 26, 22, 5, 1, 
2021/8/14, 59, 27, 22, 9, 1, 
2021/8/15, 53, 30, 15, 6, 1, 
2021/8/16, 59, 14, 10, 5, 1, 
2021/8/17, 51, 7, 9, 4, 1, 
2021/8/18, 27, 9, 35, , 1, 
2021/8/19, 29, 9, 36, 1, 1, 
2021/8/20, 30, 10, 36, 1, 1, 
2021/8/21, 34, 10, 37, 2, 1, 
2021/8/22, 29, 9, 36, 3, 1, 
2021/8/23, 29, 8, 37, 1, 1, 
2021/8/24, 27, 5, 43, , 1, 
2021/8/25, 17, 8, 41, , 1, 
2021/8/26, 30, 11, 62, 2, 1, 
2021/8/27, 34, 11, 43, 2, 1, 
2021/8/28, 40, 10, 41, , 1, 
2021/8/29, 38, 31, 32, 9, 4, 
2021/8/30, 70, 23, 30, 21, 2, 
2021/8/31, 31, 8, 30, 2, 1, 
2021/9/1, 28, 5, 39, 2, 1, 
2021/9/2, 15, 8, 36, 1, 1, 
2021/9/3, 25, 12, 41, 2, 1, 
2021/9/4, 42, 12, 35, 1, 1, 
2021/9/5, 40, 14, 29, 1, , 
2021/9/6, 46, 12, 35, 2, , 
2021/9/7, 40, 10, 39, 3, 1, 
2021/9/8, 27, 6, 39, 1, 1, 
2021/9/9, 21, 5, 33, 1, 1, 
2021/9/10, 16, 9, 15, , 1, 
2021/9/11, 34, , , , , 
2021/9/13, 72, 7, 22, 4, 1, 
2021/9/14, 21, 7, 30, 5, 1, 
2021/9/15, 21, 2, 35, , 1, 
2021/9/16, 6, 6, 37, 1, 1, 
2021/9/17, 18, 9, 38, , 1, 
2021/9/18, 29, 4, 32, , 1, 
2021/9/19, 13, 4, 34, , 1, 
2021/9/20, 14, 2, 28, , 1, 
2021/9/21, 6, 2, 34, , 1, 
2021/9/22, 9, 4, 38, , 1, 
2021/9/23, 13, 8, 28, , 1, 
2021/9/24, 28, 15, 29, , 1, 
2021/9/25, 47, 8, 39, 1, 1, 
2021/9/26, 26, 8, 38, 2, 1, 
2021/9/27, 25, 9, 39, 3, , 
2021/9/28, 31, 10, 36, , 1, 
2021/9/29, 32, 8, 29, 1, 1, 
2021/9/30, 25, 18, 33, 2, 1, 
2021/4/1, 29, , , , , 
2021/4/5, 46, 13, 45, 1, 1, 
2021/4/6, 29, 10, 39, 2, 1, 
2021/4/7, 29, 10, 27, 3, 1, 
2021/4/8, 36, 8, 36, 2, 1, 
2021/4/9, 31, 20, 20, 3, 1, 
2021/4/10, 63, 7, 26, 1, , 
2021/4/11, 25, 4, 40, 1, 1, 
2021/4/12, 17, 10, 28, 2, 1, 
2021/4/13, 44, 13, 31, 2, 1, 
2021/4/14, 46, 8, 34, 2, 1, 
2021/4/15, 30, 6, 26, 1, 1, 
2021/4/16, 24, 11, 42, 1, 1, 
2021/4/17, 38, 10, 47, 1, 1, 
2021/4/18, 40, 11, 53, 2, 1, 
2021/4/19, 35, 14, 41, 3, 1, 
2021/4/20, 49, 11, 30, 3, 1, 
2021/4/21, 45, 4, 24, 2, 1, 
2021/4/22, 17, 8, 38, 2, 1, 
2021/4/23, 32, 13, 32, 2, 1, 
2021/4/24, 52, 8, 40, 2, , 
2021/4/25, 26, 11, 22, 3, 1, 
2021/4/26, 39, 11, 21, 3, 1, 
2021/4/27, 43, 8, 19, 3, 1, 
2021/4/28, 30, 5, 30, 2, 1, 
2021/4/29, 17, 10, 32, 3, 1, 
2021/4/30, 36, 8, 17, 2, 1, 
2021/5/1, 34, 6, 38, 1, , 
2021/5/2, 20, 11, 32, 2, 1, 
2021/5/3, 37, 11, 32, 4, 1, 
2021/5/4, 36, 9, 38, 3, 1, 
2021/5/5, 30, 11, 42, 3, 1, 
2021/5/6, 31, 7, 33, 3, 1, 
2021/5/7, 15, 17, 24, 7, 1, 
2021/5/8, 54, 11, 32, 6, 1, 
2021/5/9, 38, 3, 37, 3, 1, 
2021/5/10, 9, 3, 41, 2, 1, 
2021/5/11, 8, 3, 41, 2, , 
2021/5/12, 7, 4, 37, 2, 1, 
2021/5/13, 10, 4, 40, 3, 1, 
2021/5/14, 8, 7, 27, 5, 1, 
2021/5/15, 12, 3, 13, 5, 1, 
2021/5/16, 9, 18, 13, 5, 1, 
2021/5/17, 47, 19, 33, 7, 1, 
2021/5/18, 46, 13, 37, 6, 1, 
2021/5/19, 33, 10, 49, 6, 1, 
2021/5/20, 29, 11, 49, 6, 1, 
2021/5/21, 27, 14, 40, 5, 1, 
2021/5/22, 42, 6, 27, 5, 1, 
2021/5/23, 22, 4, 39, 5, 1, 
2021/5/24, 13, 9, 50, 3, 1, 
2021/5/25, 23, 10, 40, 1, 1, 
2021/5/26, 34, 8, 36, 2, 1, 
2021/5/27, 26, 8, 48, 2, 1, 
2021/5/28, 26, 8, 47, 3, 1, 
2021/5/29, 19, 9, 46, 2, , 
2021/5/30, 20, 8, 44, 2, , 
2021/5/31, 19, 8, 14, 3, 1, 
2021/6/1, 25, 9, 9, 4, 1, 
2021/6/2, 27, 9, 34, 3, 1, 
2021/6/3, 30, 15, 30, 3, 1, 
2021/6/4, 50, , , , , 
2021/6/7, 35, 12, 9, 4, , 
2021/6/8, 40, 17, 30, 7, 1, 
2021/6/9, 51, 15, 36, 8, 2, 
2021/6/10, 46, , , , , 
2021/6/14, 22, 25, 37, 3, 1, 
2021/6/15, 36, 14, 38, 4, 1, 
2021/6/16, 40, 6, 39, 1, 1, 
2021/6/17, 17, 9, 42, 2, 1, 
2021/6/18, 27, 14, 27, 2, 1, 
2021/6/19, 45, 10, 30, 1, 1, 
2021/6/20, 29, 4, 11, 2, 1, 
2021/6/21, 13, 5, 37, 1, 1, 
2021/6/22, 9, 3, 33, 1, 1, 
2021/6/23, 11, 5, 38, 1, 1, 
2021/6/24, 12, 5, 41, 2, 1, 
2021/6/25, 14, 7, 32, 1, 1, 
2021/6/26, 22, 9, 44, 2, 1, 
2021/6/27, 19, 10, 37, 2, 1, 
2021/6/28, 25, 9, 39, 1, 1, 
2021/6/29, 21, 10, 38, 1, 1, 
2021/6/30, 32, 10, 39, 1, 1, 
2021/1/4, 12, 3, 28, , 2, 
2021/1/5, 12, 5, 26, 3, 1, 
2021/1/6, 22, 7, 23, 2, , 
2021/1/7, 30, 5, 26, 1, 1, 
2021/1/8, 22, 3, 27, 1, , 
2021/1/9, 16, 3, 28, 2, 1, 
2021/1/10, 14, 4, 34, , 1, 
2021/1/11, 20, 1, 35, 1, 2, 
2021/1/12, 7, 2, 23, 6, 1, 
2021/1/13, 10, 1, 28, 6, 2, 
2021/1/14, 6, 2, 27, 4, 1, 
2021/1/15, 8, 1, 28, 3, 1, 
2021/1/16, 6, 2, 26, 5, , 
2021/1/17, 7, 4, 24, 6, , 
2021/1/18, 26, 7, 26, 7, 1, 
2021/1/19, 27, 6, 37, 4, 1, 
2021/1/20, 23, 2, 32, 4, 1, 
2021/1/21, 9, 1, 38, 3, 1, 
2021/1/22, 5, , , , , 
2021/1/24, 5, 1, 28, 2, 1, 
2021/1/25, 9, 7, 23, 4, 1, 
2021/1/26, 27, 1, 25, 2, 1, 
2021/1/27, 7, 3, 19, 4, 1, 
2021/1/28, 10, 3, 20, 3, 1, 
2021/1/29, 12, 2, 37, 1, 1, 
2021/1/30, 8, 2, 39, , 1, 
2021/1/31, 6, 5, 38, 1, 1, 
2021/2/1, 13, 4, 23, 3, 1, 
2021/2/2, 14, 10, 17, 5, 1, 
2021/2/3, 29, 11, 22, 5, 1, 
2021/2/4, 39, 30, 23, 4, 1, 
2021/2/5, 73, 23, 33, 1, 1, 
2021/2/6, 49, 4, 35, 1, 1, 
2021/2/7, 8, 2, 37, 1, 1, 
2021/2/8, 6, 1, 37, , 1, 
2021/2/9, 6, 2, 35, , 1, 
2021/2/10, 11, 2, 25, 1, 1, 
2021/2/11, 8, 2, 37, 1, 1, 
2021/2/12, 7, 3, 38, , 1, 
2021/2/13, 10, 8, 33, 2, , 
2021/2/14, 29, 9, 22, 2, 1, 
2021/2/15, 32, 14, 20, 4, 1, 
2021/2/16, 49, 16, 30, 4, 1, 
2021/2/17, 44, 23, 29, 5, 1, 
2021/2/18, 65, 46, 34, 3, 1, 
2021/2/19, 72, 28, 38, 3, 1, 
2021/2/20, 76, , 32, 3, 1, 
2021/2/22, 85, 12, 25, 2, 1, 
2021/2/23, 38, 26, 22, 3, 1, 
2021/2/24, 64, 23, 29, 3, 1, 
2021/2/25, 61, 30, 27, 2, 1, 
2021/2/26, 76, 30, 34, 2, 1, 
2021/2/27, 70, 26, 24, 3, 1, 
2021/2/28, 70, 23, 32, 2, 1, 
2021/3/1, 61, 24, 27, 2, 1, 
2021/3/2, 64, 31, 24, 3, 1, 
2021/3/3, 75, 33, 36, 3, 1, 
2021/3/4, 79, 32, 35, 4, 1, 
2021/3/5, 77, 33, 31, 3, 1, 
2021/3/6, 83, 15, 22, 2, 1, 
2021/3/7, 52, 10, 16, 1, 1, 
2021/3/8, 34, 12, 29, 2, 1, 
2021/3/9, 39, 14, 37, 3, 1, 
2021/3/10, 49, 9, 32, 2, 1, 
2021/3/11, 25, 9, 27, 2, 1, 
2021/3/12, 28, 9, 38, 1, 1, 
2021/3/13, 30, 4, 38, , 1, 
2021/3/14, 11, 7, 43, 1, 1, 
2021/3/15, 21, 6, 43, 3, 1, 
2021/3/16, 19, 5, 42, , 1, 
2021/3/17, 10, 5, 37, 2, 1, 
2021/3/18, 19, 4, 40, , 1, 
2021/3/19, 18, 4, 42, , 1, 
2021/3/20, 15, 6, 41, , 1, 
2021/3/21, 23, 5, 38, 4, 1, 
2021/3/22, 19, 11, 41, 2, 1, 
2021/3/23, 32, 16, 43, 3, 1, 
2021/3/24, 54, 17, 47, 3, 1, 
2021/3/25, 51, 23, 39, 4, 1, 
2021/3/26, 67, 22, 35, 3, 1, 
2021/3/27, 59, 12, 44, 2, , 
2021/3/28, 38, 7, 24, 2, , 
2021/3/29, 24, 20, 48, 3, 1, 
2021/3/30, 41, 15, 51, 1, 1, 
2021/3/31, 36, 13, 47, 1, 1, 
2020/10/1, 29, 5, 26, , 1, 
2020/10/2, 10, 1, 27, , 1, 
2020/10/3, 9, 2, 28, , 1, 
2020/10/4, 9, 3, 26, 6, 1, 
2020/10/5, 7, 6, 34, 6, 1, 
2020/10/6, 9, 5, 34, 7, 1, 
2020/10/7, 11, 6, 41, 10, 1, 
2020/10/8, 17, 10, 41, 8, 1, 
2020/10/9, 31, 11, 36, 7, 1, 
2020/10/10, 38, 7, 40, 3, 1, 
2020/10/11, 8, 3, 40, 3, 1, 
2020/10/12, 8, 5, 37, 9, 1, 
2020/10/13, 9, 4, 36, 4, 1, 
2020/10/14, 7, 5, 32, 1, 1, 
2020/10/15, 7, 10, 39, 5, 1, 
2020/10/16, 38, 11, 38, 2, 1, 
2020/10/17, 34, 8, 41, 3, 1, 
2020/10/18, 21, 8, 42, 3, 1, 
2020/10/19, 25, 12, 41, 4, 1, 
2020/10/20, 38, 15, 35, 5, 1, 
2020/10/21, 40, 14, 23, 8, 1, 
2020/10/22, 36, 3, 32, 4, 1, 
2020/10/23, 11, 3, 31, 2, 1, 
2020/10/24, 11, 3, 33, 1, 1, 
2020/10/25, 10, 2, 31, 1, 1, 
2020/10/26, 7, 4, 31, 5, 1, 
2020/10/27, 11, 6, 31, 5, 1, 
2020/10/28, 15, 6, 31, 5, 1, 
2020/10/29, 21, 10, 31, 7, 1, 
2020/10/30, 29, 11, 32, 7, 1, 
2020/10/31, 32, 13, 33, 6, 1, 
2020/11/1, 32, 12, 29, 9, 1, 
2020/11/2, 31, 11, 32, 6, 1, 
2020/11/3, 37, 1, 28, 4, 1, 
2020/11/4, 8, 3, 26, 2, 1, 
2020/11/5, 14, 11, 25, 2, 1, 
2020/11/6, 36, 6, 25, 1, 1, 
2020/11/7, 22, 3, 28, 1, 1, 
2020/11/8, 11, 6, 28, 5, 1, 
2020/11/9, 25, 7, 28, 4, 1, 
2020/11/10, 24, 8, 29, 4, 1, 
2020/11/11, 29, 7, 28, 5, 1, 
2020/11/12, 25, 12, 27, 6, 1, 
2020/11/13, 43, 13, 22, 5, 1, 
2020/11/14, 48, 3, 24, 3, 1, 
2020/11/15, 11, 4, 24, 3, 1, 
2020/11/16, 16, 10, 23, 6, 1, 
2020/11/17, 35, 13, 24, 5, 1, 
2020/11/18, 46, 9, 29, 5, 1, 
2020/11/19, 27, 3, 31, 2, 1, 
2020/11/20, 12, 7, 30, 4, 1, 
2020/11/21, 22, 6, 29, 4, 1, 
2020/11/22, 21, 9, 30, 5, 1, 
2020/11/23, 33, 12, 27, 7, 1, 
2020/11/24, 44, 15, 28, 7, 1, 
2020/11/25, 48, 11, 26, 8, 1, 
2020/11/26, 40, 5, 34, 4, 1, 
2020/11/27, 18, , , , , 
2020/11/30, 28, 3, 33, 5, 1, 
2020/12/1, 12, 2, 30, 1, , 
2020/12/2, 8, 2, 31, 5, 2, 
2020/12/3, 11, 3, 30, 2, 1, 
2020/12/4, 13, 2, 28, , 1, 
2020/12/5, 11, 2, 29, , 1, 
2020/12/6, 11, 2, 31, , 1, 
2020/12/7, 9, , , , , 
2020/12/10, 9, 1, 29, 4, 1, 
2020/12/11, 6, 3, 33, 1, 1, 
2020/12/12, 10, 5, 33, 10, 1, 
2020/12/13, 18, 11, 16, 9, 1, 
2020/12/14, 35, 2, 32, 3, , 
2020/12/15, 10, 6, 28, 5, 1, 
2020/12/16, 22, 7, 29, 6, 1, 
2020/12/17, 24, 10, 26, 10, 1, 
2020/12/18, 35, 8, 27, 6, 1, 
2020/12/19, 29, 6, 26, 3, 1, 
2020/12/20, 22, 2, 26, 5, 1, 
2020/12/21, 8, 8, 15, 11, , 
2020/12/22, 29, 7, 23, 8, , 
2020/12/23, 24, 5, 26, 4, , 
2020/12/24, 20, 2, 31, , , 
2020/12/25, 6, 2, 32, , 2, 
2020/12/27, 13, , , , , 
2020/12/31, 5, 2, 32, , 1, 
2021/1/1, 11, 3, 30, , , 
2021/1/2, 8, 2, 29, , 2, 
2021/1/3, 9, 3, 28, 1, 1, 
2020/7/1, 45, 16, 35, 4, , 
2020/7/2, 43, 11, 29, 2, , 
2020/7/3, 29, 14, 21, 1, 1, 
2020/7/4, 35, 13, 35, 1, 1, 
2020/7/5, 26, 6, 36, 1, 1, 
2020/7/6, 21, 2, 14, 2, , 
2020/7/10, 21, 13, 35, 1, 1, 
2020/7/11, 34, 11, 32, , 1, 
2020/7/12, 37, 12, 34, 2, 1, 
2020/7/13, 35, 11, 40, 3, 1, 
2020/7/14, 30, 9, 51, 1, 1, 
2020/7/15, 26, 9, 40, 1, 1, 
2020/7/16, 24, 10, 36, 2, 1, 
2020/7/17, 32, 9, 33, 1, 1, 
2020/7/18, 30, 8, 34, 1, 1, 
2020/7/19, 19, 11, 34, 2, 1, 
2020/7/20, 31, 14, 39, 2, 1, 
2020/7/21, 25, 10, 38, 2, 1, 
2020/7/22, 13, 8, 47, 1, 1, 
2020/7/23, 14, 12, 44, 2, 1, 
2020/7/24, 18, 11, 40, 3, 1, 
2020/7/25, 20, 10, 40, 2, 1, 
2020/7/26, 22, 11, 45, 3, 1, 
2020/7/27, 34, 14, 46, 4, 1, 
2020/7/28, 32, 14, 40, 3, 1, 
2020/7/29, 33, 9, 43, 2, 1, 
2020/7/30, 27, 9, 47, 3, 1, 
2020/7/31, 30, 12, 44, 4, 1, 
2020/8/1, 41, 12, 31, 3, , 
2020/8/2, 41, 7, 27, 1, , 
2020/8/3, 24, 3, 27, , 1, 
2020/8/4, 12, 5, 31, 1, 1, 
2020/8/5, 18, , 34, 1, 1, 
2020/8/11, 28, 6, 37, 1, 1, 
2020/8/12, 21, 10, 45, 2, 1, 
2020/8/13, 39, 14, 35, 1, , 
2020/8/14, 45, 10, 34, 1, 1, 
2020/8/15, 37, 8, 34, , 1, 
2020/8/16, 22, 6, 38, 1, 1, 
2020/8/17, 19, 5, 36, 1, 1, 
2020/8/18, 17, 6, 41, 1, 1, 
2020/8/19, 18, 19, 40, 3, 1, 
2020/8/20, 23, 23, 41, 5, 2, 
2020/8/21, 31, 13, 32, 3, 1, 
2020/8/22, 36, 11, 30, 2, 1, 
2020/8/23, 34, 15, 31, 3, 1, 
2020/8/24, 40, 15, 26, 3, 1, 
2020/8/25, 27, 13, 26, 4, 1, 
2020/8/26, 29, 12, 25, 5, , 
2020/8/27, 33, 15, 23, 5, 1, 
2020/8/28, 41, 8, 13, 2, 1, 
2020/8/29, 20, 2, 18, 2, 1, 
2020/8/30, 7, 3, 19, 2, 1, 
2020/8/31, 6, 7, 21, 3, 1, 
2020/9/1, 13, 6, 34, 5, 1, 
2020/9/2, 11, 5, 32, 5, 1, 
2020/9/3, 13, 5, 34, 4, 1, 
2020/9/4, 13, 6, 33, 4, 1, 
2020/9/5, 17, 9, 35, 3, 1, 
2020/9/6, 24, 9, 24, 2, 1, 
2020/9/7, 18, 6, 15, 2, , 
2020/9/8, 18, 7, 35, 3, 1, 
2020/9/9, 20, 8, 40, 5, 1, 
2020/9/10, 24, 10, 47, 5, 1, 
2020/9/11, 26, 8, 45, 4, 1, 
2020/9/12, 24, 17, 40, 2, 1, 
2020/9/13, 25, 8, 41, 4, 1, 
2020/9/14, 23, 12, 37, 4, 1, 
2020/9/15, 36, 16, 40, 3, 1, 
2020/9/16, 48, 15, 35, 2, 1, 
2020/9/17, 46, 10, 21, 2, 1, 
2020/9/18, 34, 3, 29, , 1, 
2020/9/19, 7, 4, 31, 1, 1, 
2020/9/20, 11, 4, 34, 1, 1, 
2020/9/21, 12, 8, 34, 1, 1, 
2020/9/22, 29, 6, 17, 1, 1, 
2020/9/23, 22, 5, 26, 1, 1, 
2020/9/24, 11, 10, 29, , 1, 
2020/9/25, 12, 3, 25, , 1, 
2020/9/26, 7, 7, 29, , 1, 
2020/9/27, 11, 7, 33, 2, 1, 
2020/9/28, 12, 7, 35, 1, 1, 
2020/9/29, 14, 9, 37, 1, 1, 
2020/9/30, 27, 11, 38, , 1, 
2020/4/1, 10, 4, 30, , 1, 
2020/4/2, 14, 7, 33, , 1, 
2020/4/3, 27, 9, 36, , 1, 
2020/4/4, 33, 8, 36, , 1, 
2020/4/5, 33, 12, 40, , 1, 
2020/4/6, 46, 11, 35, , 1, 
2020/4/7, 47, 12, 42, , 1, 
2020/4/8, 47, 11, 43, , 1, 
2020/4/9, 46, 13, 38, 1, 1, 
2020/4/10, 53, 13, 44, , 1, 
2020/4/11, 53, 13, 48, , 1, 
2020/4/12, 52, 14, 24, 1, 1, 
2020/4/13, 48, , , , , 
2020/4/14, 27, , , , , 
2020/4/15, 24, 12, 17, , 1, 
2020/4/16, 45, , , , , 
2020/4/17, 61, , , , , 
2020/4/18, 48, , , , , 
2020/4/19, 18, , , , , 
2020/4/20, 15, 2, 29, , 1, 
2020/4/21, 12, 5, 28, , 1, 
2020/4/22, 25, 9, 32, 1, 1, 
2020/4/23, 35, 9, 38, , 1, 
2020/4/24, 36, 8, 39, , 1, 
2020/4/25, 33, 10, 28, , 1, 
2020/4/26, 39, 5, 32, , 1, 
2020/4/27, 16, 3, 35, 1, 1, 
2020/4/28, 16, 3, 32, , 1, 
2020/4/29, 13, 3, 32, , 1, 
2020/4/30, 9, 3, 24, , 1, 
2020/5/1, 8, 4, 26, 2, 1, 
2020/5/2, 12, 5, 27, 1, 1, 
2020/5/3, 12, 7, 33, 2, 1, 
2020/5/4, 21, 14, 32, 4, 1, 
2020/5/5, 38, 12, 39, 3, 1, 
2020/5/6, 30, 9, 37, 2, 1, 
2020/5/7, 29, 9, 34, 2, 1, 
2020/5/8, 29, 15, 32, 1, 1, 
2020/5/9, 53, 6, 30, , 1, 
2020/5/10, 22, 2, 32, , 1, 
2020/5/11, 6, 5, 30, , 1, 
2020/5/12, 21, 6, 33, 1, 1, 
2020/5/13, 24, 4, 31, 2, 1, 
2020/5/14, 17, 3, 30, , 1, 
2020/5/15, 10, 4, 25, , 1, 
2020/5/16, 14, 5, 30, 1, 1, 
2020/5/17, 20, 7, 39, 1, 1, 
2020/5/18, 24, 7, 34, 2, 1, 
2020/5/19, 26, 9, 41, 3, 1, 
2020/5/20, 23, 8, 41, 3, 1, 
2020/5/21, 23, 10, 49, 3, 1, 
2020/5/22, 27, 10, 46, 2, 1, 
2020/5/23, 27, 9, 31, 1, 1, 
2020/5/24, 30, 10, 26, 2, 1, 
2020/5/25, 35, 10, 37, 3, 1, 
2020/5/26, 37, 12, 44, 3, 1, 
2020/5/27, 28, 8, 40, 2, 1, 
2020/5/28, 21, 10, 47, 3, 1, 
2020/5/29, 21, 7, 43, 2, 1, 
2020/5/30, 19, 6, 41, 1, 1, 
2020/5/31, 16, 8, 43, 2, 1, 
2020/6/1, 22, 10, 42, 2, 1, 
2020/6/2, 29, 14, 41, 3, 1, 
2020/6/3, 43, , 33, 1, 1, 
2020/6/6, 9, , 29, 1, 1, 
2020/6/8, 13, 4, 36, 2, 1, 
2020/6/9, 13, 4, 38, 3, 1, 
2020/6/10, 16, 11, 39, 4, 1, 
2020/6/11, 23, 6, 29, , 1, 
2020/6/12, 10, 4, 35, 2, 1, 
2020/6/13, 9, 9, 39, 2, , 
2020/6/14, 18, 10, 40, 3, 1, 
2020/6/15, 24, 7, 33, 3, , 
2020/6/16, 24, 7, 28, 3, 1, 
2020/6/17, 25, 8, 34, 3, , 
2020/6/18, 26, 11, 31, 1, 1, 
2020/6/19, 41, , , , , 
2020/6/22, 21, , 33, 7, 1, 
2020/6/26, 17, 9, 43, 5, 1, 
2020/6/27, 24, 11, 38, 4, 1, 
2020/6/28, 35, 14, 39, 5, 1, 
2020/6/29, 43, 16, 34, 5, 1, 
2020/6/30, 44, 19, 46, 5, 1, 
2020/1/1, 50, , , , , 
2020/1/2, 39, , , , , 
2020/1/3, 55, , , , , 
2020/1/4, 10, , , , , 
2020/1/5, 20, 7, 13, 4, 1, 
2020/1/6, 26, 10, 19, 10, 2, 
2020/1/7, 43, 9, 25, 8, 1, 
2020/1/8, 35, 11, 26, 8, 1, 
2020/1/9, 43, 3, 31, 5, , 
2020/1/10, 14, 4, 29, 4, 1, 
2020/1/11, 17, 5, 30, 5, 1, 
2020/1/12, 19, 11, 27, 9, 2, 
2020/1/13, 32, 9, 26, 10, 2, 
2020/1/14, 28, 7, 28, 8, 2, 
2020/1/15, 23, 7, 28, 8, 1, 
2020/1/16, 24, 6, 32, 4, 1, 
2020/1/17, 17, 5, 30, 5, 1, 
2020/1/18, 18, 1, 29, 3, 1, 
2020/1/19, 7, 1, 28, 1, 1, 
2020/1/20, 6, 9, 25, 4, 1, 
2020/1/21, 35, 25, 26, 4, 1, 
2020/1/22, 60, 30, 21, 4, 1, 
2020/1/23, 66, 23, 26, 5, 1, 
2020/1/24, 56, 19, 24, 7, 1, 
2020/1/25, 54, 3, 27, 4, 1, 
2020/1/26, 14, 7, 24, 2, 1, 
2020/1/27, 19, 2, 25, 3, 1, 
2020/1/28, 8, 3, 21, 7, 1, 
2020/1/29, 10, 2, 25, 4, 1, 
2020/1/30, 10, 3, 25, 4, 1, 
2020/1/31, 13, 2, 25, 4, 1, 
2020/2/1, 9, 3, 23, 5, 1, 
2020/2/2, 11, 24, 23, 4, 1, 
2020/2/3, 41, 12, 31, 3, , 
2020/2/4, 25, 6, 31, 2, , 
2020/2/5, 26, 8, 31, 4, 1, 
2020/2/6, 29, 12, 30, 4, 1, 
2020/2/7, 44, 17, 24, 5, 1, 
2020/2/8, 59, 15, 26, 5, 1, 
2020/2/9, 51, 5, 25, 4, , 
2020/2/10, 13, 6, 27, 5, , 
2020/2/11, 17, 7, 26, 7, , 
2020/2/12, 28, 10, 22, 5, , 
2020/2/13, 43, 7, 26, 4, , 
2020/2/14, 27, 16, 27, 4, 1, 
2020/2/15, 56, 15, 26, 4, , 
2020/2/16, 50, 10, 26, 4, 1, 
2020/2/17, 29, 9, 25, 3, , 
2020/2/18, 36, 7, 25, 2, , 
2020/2/19, 33, 12, 27, 4, , 
2020/2/20, 42, 13, 32, 4, 1, 
2020/2/21, 42, 11, 33, 4, 1, 
2020/2/22, 37, 10, 34, 3, 1, 
2020/2/23, 31, 11, 32, 4, 1, 
2020/2/24, 26, 10, 35, 2, 1, 
2020/2/25, 21, 7, 32, , , 
2020/2/26, 15, 24, 32, , , 
2020/2/27, 55, 50, 30, 2, 1, 
2020/2/28, 76, 32, 31, , , 
2020/2/29, 51, 5, 33, , , 
2020/3/1, 10, 13, 33, , , 
2020/3/2, 15, 2, 30, , 1, 
2020/3/3, 6, 2, 27, , 1, 
2020/3/4, 8, 4, 32, , 1, 
2020/3/5, 10, 3, 35, , 1, 
2020/3/6, 7, , , , , 
2020/3/9, 12, 9, 31, 4, 1, 
2020/3/10, 23, 9, 37, 4, 1, 
2020/3/11, 20, 13, 40, 5, 1, 
2020/3/12, 36, 11, 34, 4, 1, 
2020/3/13, 36, 12, 35, 2, 1, 
2020/3/14, 41, 10, 34, 1, 1, 
2020/3/15, 41, 7, 27, 1, 1, 
2020/3/16, 29, 8, 25, , 1, 
2020/3/17, 33, 12, 31, 2, 1, 
2020/3/18, 44, 12, 32, , 1, 
2020/3/19, 46, 13, 33, , 1, 
2020/3/20, 49, 15, 34, , 1, 
2020/3/21, 51, 9, 29, , 1, 
2020/3/22, 38, 4, 31, , 1, 
2020/3/23, 17, 9, 31, , , 
2020/3/24, 34, 5, 28, , , 
2020/3/25, 24, 8, 35, 3, , 
2020/3/26, 33, 10, 33, 3, 1, 
2020/3/27, 40, 9, 35, 2, 1, 
2020/3/28, 39, 4, 24, 2, 1, 
2020/3/29, 15, , , , , 
2019/10/1, 45, 10, 36, 1, , 
2019/10/2, 24, 4, 38, 4, 1, 
2019/10/3, 9, 5, 42, 3, 1, 
2019/10/4, 11, 7, 45, 2, 1, 
2019/10/5, 15, 5, 45, 3, 1, 
2019/10/6, 22, 7, 39, 2, 1, 
2019/10/7, 17, 6, 46, 3, 1, 
2019/10/8, 16, 7, 46, 3, 1, 
2019/10/9, 27, 8, 27, 2, 1, 
2019/10/10, 35, 7, 37, 2, , 
2019/10/11, 27, 6, 41, 2, 1, 
2019/10/12, 26, 8, 43, , 1, 
2019/10/13, 33, 10, 37, 2, 1, 
2019/10/14, 47, 6, 35, 2, , 
2019/10/15, 23, 5, 39, 3, 1, 
2019/10/16, 7, 6, 43, 3, 1, 
2019/10/17, 15, 5, 29, 3, 1, 
2019/10/18, 11, 4, 34, 2, 1, 
2019/10/19, 10, 3, 37, 1, 1, 
2019/10/20, 10, 2, 34, 3, 1, 
2019/10/21, 12, 3, 33, 2, 1, 
2019/10/22, 11, 1, 34, , 1, 
2019/10/23, 9, 2, 36, 2, 1, 
2019/10/24, 9, 2, 37, 4, 1, 
2019/10/25, 12, 3, 41, 2, 1, 
2019/10/26, 21, 10, 37, 2, 1, 
2019/10/27, 60, 12, 23, 5, 1, 
2019/10/28, 52, 9, 37, 3, 1, 
2019/10/29, 39, , 37, 3, 1, 
2019/10/30, 21, 4, 31, 5, 1, 
2019/10/31, 13, 2, 31, 1, 1, 
2019/11/1, 7, 2, 33, 1, 1, 
2019/11/2, 7, 3, 44, 1, 1, 
2019/11/3, 6, 2, 38, , 1, 
2019/11/4, 5, 1, 38, 1, 1, 
2019/11/5, 4, 3, 30, 1, 1, 
2019/11/6, 8, 3, 36, 2, 1, 
2019/11/7, 6, 2, 36, 1, 1, 
2019/11/8, 5, 2, 33, 2, 1, 
2019/11/9, 10, 2, 35, 2, 1, 
2019/11/10, 6, 2, 35, 2, 1, 
2019/11/11, 5, 2, 37, 2, 1, 
2019/11/12, 7, 2, 27, 4, 1, 
2019/11/13, 8, , , , , 
2019/11/14, 8, 1, 33, 3, 1, 
2019/11/15, 7, 2, 36, 2, 1, 
2019/11/16, 8, 2, 34, 4, 1, 
2019/11/17, 9, 2, 33, 4, 1, 
2019/11/18, 8, 2, 33, 4, 1, 
2019/11/19, 5, 3, 35, 5, 1, 
2019/11/20, 17, , , , , 
2019/11/21, 11, 6, 25, 10, 1, 
2019/11/22, 24, 1, 41, 2, 1, 
2019/11/23, 5, 2, 34, 3, 1, 
2019/11/24, 15, 2, 36, 5, 1, 
2019/11/25, 9, 2, 32, 4, 1, 
2019/11/26, 8, 1, 37, 2, 1, 
2019/11/27, 8, 1, 33, 2, 1, 
2019/11/28, 6, 5, 35, 6, 1, 
2019/11/29, 15, 2, 34, 5, 1, 
2019/11/30, 8, 3, 39, 3, 1, 
2019/12/1, 16, 3, 32, 5, 1, 
2019/12/2, 13, 5, 25, 6, 1, 
2019/12/3, 20, 1, 29, 4, 1, 
2019/12/4, 5, 4, 26, 5, 1, 
2019/12/5, 18, 5, 28, 5, 1, 
2019/12/6, 24, 5, 29, 4, 1, 
2019/12/7, 21, 2, 31, 3, 1, 
2019/12/8, 12, 2, 34, 2, 1, 
2019/12/9, 7, 2, 38, 2, 2, 
2019/12/10, 8, 4, 27, 3, 1, 
2019/12/11, 14, 2, 28, 3, 1, 
2019/12/12, 8, 1, 30, 2, 1, 
2019/12/13, 7, 1, 27, 3, 1, 
2019/12/14, 8, 7, 28, 5, 1, 
2019/12/15, 24, 11, 22, 7, 1, 
2019/12/16, 42, 19, 23, 7, 1, 
2019/12/17, 45, 10, 25, 6, 1, 
2019/12/18, 33, 6, 21, 6, 1, 
2019/12/19, 25, 2, 30, 3, 1, 
2019/12/20, 10, 2, 31, 2, 1, 
2019/12/21, 8, 2, 32, , 1, 
2019/12/22, 9, 1, 32, 3, , 
2019/12/23, 8, 1, 26, 2, , 
2019/12/24, 6, 2, 24, 5, , 
2019/12/25, 8, 3, 26, 3, , 
2019/12/26, 9, 6, 22, 6, 1, 
2019/12/27, 18, 10, 25, 8, 2, 
2019/12/28, 33, 14, 22, 7, 2, 
2019/12/29, 52, , , , , 
2019/7/1, 43, 18, 48, 6, 1, 
2019/7/2, 38, 16, 48, 6, 1, 
2019/7/3, 42, 17, 45, 5, 1, 
2019/7/4, 45, 18, 48, 7, 1, 
2019/7/5, 44, 24, 43, 8, 1, 
2019/7/6, 54, 30, 36, 7, , 
2019/7/7, 55, 25, 26, 10, 1, 
2019/7/8, 56, 12, 46, 9, 1, 
2019/7/9, 40, 9, 45, 3, 1, 
2019/7/10, 33, 11, 53, 4, 1, 
2019/7/11, 38, 10, 48, 6, , 
2019/7/12, 31, 18, 47, 5, , 
2019/7/13, 40, 22, 30, 2, 1, 
2019/7/14, 34, 11, 43, 2, 1, 
2019/7/15, 33, 11, 41, 2, 1, 
2019/7/16, 40, 12, 45, 3, 1, 
2019/7/17, 35, 12, 47, 2, , 
2019/7/18, 31, 12, 44, 2, , 
2019/7/19, 34, 13, 47, 2, 1, 
2019/7/20, 32, 15, 41, 2, 1, 
2019/7/21, 35, 19, 45, 4, 1, 
2019/7/22, 40, 27, 49, 3, 1, 
2019/7/23, 42, 25, 49, 3, 1, 
2019/7/24, 42, 21, 48, 4, 1, 
2019/7/25, 39, 19, 41, 4, 1, 
2019/7/26, 47, 15, 33, 4, 1, 
2019/7/27, 46, 5, 32, , 1, 
2019/7/28, 15, 5, 40, 3, 1, 
2019/7/29, 17, 13, 35, 2, 2, 
2019/7/30, 28, 13, 31, 4, 1, 
2019/7/31, 31, 15, 37, 2, 1, 
2019/8/1, 49, 14, 46, 3, , 
2019/8/2, 40, 15, 45, 3, 1, 
2019/8/3, 33, 17, 41, 4, 1, 
2019/8/4, 44, 26, 46, 3, 1, 
2019/8/5, 55, 21, 33, 4, 1, 
2019/8/6, 60, 20, 37, 5, 2, 
2019/8/7, 55, 15, 41, 4, 1, 
2019/8/8, 40, 12, 31, 2, , 
2019/8/9, 21, 11, 35, 3, 1, 
2019/8/10, 24, 15, 35, 3, 1, 
2019/8/11, 39, 13, 36, 2, 1, 
2019/8/12, 37, 12, 32, , 1, 
2019/8/13, 25, 13, 39, 3, 1, 
2019/8/14, 35, 13, 37, 2, 1, 
2019/8/15, 37, 13, 37, 5, 1, 
2019/8/16, 43, 13, 37, 4, 1, 
2019/8/17, 45, 11, 36, 7, 1, 
2019/8/18, 36, 12, 32, 9, 1, 
2019/8/19, 39, 12, 26, 3, 1, 
2019/8/20, 38, 7, 27, 3, , 
2019/8/21, 22, 6, 40, 4, 1, 
2019/8/22, 20, 7, 46, 4, 1, 
2019/8/23, 24, 8, 41, 3, 1, 
2019/8/24, 32, 10, 39, 2, 1, 
2019/8/25, 40, 11, 38, 2, , 
2019/8/26, 48, 10, 34, 2, 1, 
2019/8/27, 37, 6, 40, 2, , 
2019/8/28, 25, 9, 42, 2, , 
2019/8/29, 32, 10, 47, 2, , 
2019/8/30, 38, 10, 42, 2, , 
2019/8/31, 38, 9, 16, 2, , 
2019/9/1, 31, , , , , 
2019/9/5, 16, 5, 31, 1, 1, 
2019/9/6, 12, 5, 30, 1, 1, 
2019/9/7, 18, 4, 33, 1, 1, 
2019/9/8, 18, 5, 36, 2, 1, 
2019/9/9, 22, 7, 27, 2, 1, 
2019/9/10, 19, 3, 31, 1, 1, 
2019/9/11, 8, 3, 39, 2, 1, 
2019/9/12, 14, 4, 51, 1, 1, 
2019/9/13, 14, 6, 45, 1, 1, 
2019/9/14, 19, 11, 36, 1, , 
2019/9/15, 33, 26, 38, 2, , 
2019/9/16, 49, 18, 46, 2, 1, 
2019/9/17, 42, 8, 48, 2, 1, 
2019/9/18, 25, 9, 54, 2, 1, 
2019/9/19, 39, 13, 41, 3, 1, 
2019/9/20, 56, 7, 38, , , 
2019/9/21, 34, 6, 30, , 1, 
2019/9/22, 33, 2, 39, 2, 1, 
2019/9/23, 10, 3, 48, 3, , 
2019/9/24, 13, 6, 38, 2, 1, 
2019/9/25, 14, 5, 43, 2, 1, 
2019/9/26, 23, 7, 52, 2, 1, 
2019/9/27, 34, 9, 44, 2, 1, 
2019/9/28, 35, 7, 39, 2, , 
2019/9/29, 27, 7, 47, 2, , 
2019/9/30, 33, 12, 51, 2, 1, 
2019/4/1, 25, 7, 30, 4, 2, 
2019/4/2, 30, 5, 41, 3, 2, 
2019/4/3, 23, 4, 42, 3, 1, 
2019/4/4, 19, 5, 36, 4, 1, 
2019/4/5, 22, 2, 37, 2, 1, 
2019/4/6, 9, 2, 38, 3, 1, 
2019/4/7, 6, 2, 32, 4, , 
2019/4/8, 7, 2, 36, 3, 1, 
2019/4/9, 6, 2, 36, 2, 1, 
2019/4/10, 6, 2, 39, 2, 1, 
2019/4/11, 10, 5, 40, 3, 1, 
2019/4/12, 31, 9, 47, 4, 1, 
2019/4/13, 37, 8, 39, 4, 1, 
2019/4/14, 25, 11, 41, 6, 1, 
2019/4/15, 52, 13, 37, 5, 1, 
2019/4/16, 52, 15, 38, 5, 1, 
2019/4/17, 57, 12, 33, 4, 1, 
2019/4/18, 48, 6, 35, 3, 1, 
2019/4/19, 26, 8, 43, 2, 1, 
2019/4/20, 34, 8, 39, 2, 1, 
2019/4/21, 36, 10, 33, 5, 1, 
2019/4/22, 41, 10, 37, 4, 1, 
2019/4/23, 37, 4, 36, 3, 1, 
2019/4/24, 15, 3, 37, 2, 1, 
2019/4/25, 12, 2, 34, 6, 1, 
2019/4/26, 9, 3, 37, 5, 1, 
2019/4/27, 11, 5, 31, 5, 1, 
2019/4/28, 18, 7, 32, 6, 1, 
2019/4/29, 25, 10, 31, 5, 1, 
2019/4/30, 42, 9, 11, 5, 1, 
2019/5/1, 32, 7, 34, 5, 1, 
2019/5/2, 29, 8, 33, 6, 1, 
2019/5/3, 33, 4, 40, 3, 1, 
2019/5/4, 15, 2, 44, 4, 1, 
2019/5/5, 11, 4, 34, 5, 1, 
2019/5/6, 15, 7, 31, 7, 1, 
2019/5/7, 41, 11, 25, 4, 1, 
2019/5/8, 39, 4, 37, 3, 1, 
2019/5/9, 9, 3, 23, 4, 1, 
2019/5/10, 8, 5, 32, 4, 1, 
2019/5/11, 15, 6, 42, 4, 1, 
2019/5/12, 14, 7, 41, 5, 1, 
2019/5/13, 18, 9, 42, 6, 1, 
2019/5/14, 20, 12, 38, 6, 1, 
2019/5/15, 33, 16, 38, 5, 1, 
2019/5/16, 48, 9, 37, 2, 1, 
2019/5/17, 26, 5, 34, 3, 1, 
2019/5/18, 13, 3, 38, 2, 1, 
2019/5/19, 9, 2, 38, 4, 1, 
2019/5/20, 10, 6, 34, 5, 1, 
2019/5/21, 19, 5, 35, 5, 1, 
2019/5/22, 23, 9, 35, 7, 1, 
2019/5/23, 34, 11, 26, 6, 1, 
2019/5/24, 43, 5, 28, 4, 1, 
2019/5/25, 21, 3, 30, 4, 1, 
2019/5/26, 12, 3, 30, 5, 1, 
2019/5/27, 13, 5, 37, 3, 1, 
2019/5/28, 13, 6, 34, 4, 1, 
2019/5/29, 13, 5, 34, 6, 1, 
2019/5/30, 15, 9, 33, 6, 1, 
2019/5/31, 24, 8, 39, 6, 1, 
2019/6/1, 17, 6, 43, 6, 1, 
2019/6/2, 12, 6, 40, 7, 1, 
2019/6/3, 13, 8, 38, 7, 1, 
2019/6/4, 25, 12, 51, 4, 1, 
2019/6/5, 34, 10, 37, 4, 1, 
2019/6/6, 20, 10, 40, 4, 1, 
2019/6/7, 29, 10, 36, 3, , 
2019/6/8, 24, 15, 36, 3, 1, 
2019/6/9, 25, 12, 40, 5, 1, 
2019/6/10, 29, 12, 32, 5, 1, 
2019/6/11, 33, 5, 37, 3, , 
2019/6/12, 13, 6, 32, 4, , 
2019/6/13, 25, 11, 45, 4, , 
2019/6/14, 37, 12, 46, 2, 1, 
2019/6/15, 24, 11, 43, 3, 1, 
2019/6/16, 30, 12, 32, 3, , 
2019/6/17, 33, 13, 48, 3, , 
2019/6/18, 29, 12, 24, 3, , 
2019/6/19, 26, , , , , 
2019/6/20, 39, , , , 1, 
2019/6/21, 57, , , , , 
2019/6/22, 34, , , , , 
2019/6/23, 30, 12, 49, 5, 1, 
2019/6/24, 23, 15, 40, 7, 1, 
2019/6/25, 50, 24, 46, 5, 1, 
2019/6/26, 62, 21, 49, 7, 1, 
2019/6/27, 44, 18, 56, 8, 1, 
2019/6/28, 35, 13, 49, 5, 1, 
2019/6/29, 23, 16, 50, 7, 1, 
2019/6/30, 33, 20, 54, 8, 1, 
2019/1/1, 18, 3, 24, 4, , 
2019/1/2, 17, 4, 23, , 1, 
2019/1/3, 23, 7, 23, 7, 1, 
2019/1/4, 41, 11, 31, 7, , 
2019/1/5, 32, , 29, 8, , 
2019/1/6, 11, , , , , 
2019/1/7, 16, , , , , 
2019/1/8, 22, , , , , 
2019/1/9, 11, , , , , 
2019/1/10, 15, 4, 28, 1, 1, 
2019/1/11, 10, 3, 26, , 1, 
2019/1/12, 8, 2, 27, 2, 1, 
2019/1/13, 6, 2, 27, 2, 1, 
2019/1/14, 6, 8, 24, 7, 2, 
2019/1/15, 34, 16, 21, 10, 1, 
2019/1/16, 50, 16, 25, 5, 1, 
2019/1/17, 59, 6, 27, 4, 1, 
2019/1/18, 28, 8, 27, 4, 1, 
2019/1/19, 33, 7, 27, 3, 1, 
2019/1/20, 28, 2, 27, 2, 1, 
2019/1/21, 10, 3, 25, 2, 1, 
2019/1/22, 12, 4, 27, 2, 1, 
2019/1/23, 11, 4, 28, 1, 1, 
2019/1/24, 6, 3, 25, 1, , 
2019/1/25, 5, 3, 25, 1, , 
2019/1/26, 20, 4, , , , 
2019/1/27, 10, , 25, 1, 1, 
2019/1/28, 7, 5, 28, 2, 1, 
2019/1/29, 10, 3, 22, 3, 1, 
2019/1/30, 12, 2, 23, 1, 1, 
2019/1/31, 9, 2, 33, 2, 1, 
2019/2/1, 8, 4, 32, 1, 1, 
2019/2/2, 8, 9, 31, 1, 1, 
2019/2/3, 12, 7, 31, 6, 1, 
2019/2/4, 13, 4, 24, 3, 1, 
2019/2/5, 10, 2, 20, 3, 1, 
2019/2/6, 9, 5, 29, 5, 1, 
2019/2/7, 23, 8, 26, 8, 1, 
2019/2/8, 42, 12, 30, 3, 1, 
2019/2/9, 58, 14, 25, 1, 1, 
2019/2/10, 51, 3, 30, , , 
2019/2/11, 13, 4, 28, 9, 1, 
2019/2/12, 17, 7, 28, 6, 1, 
2019/2/13, 32, 10, 30, 3, 1, 
2019/2/14, 39, 11, 29, 4, 1, 
2019/2/15, 57, 14, 23, 3, , 
2019/2/16, 50, 11, 29, 4, , 
2019/2/17, 41, 14, 30, 2, 1, 
2019/2/18, 49, 16, 36, 3, 1, 
2019/2/19, 61, 19, 31, 3, 1, 
2019/2/20, 64, 22, 31, 5, 1, 
2019/2/21, 72, 28, 39, 5, 1, 
2019/2/22, 65, 22, 41, 3, 2, 
2019/2/23, 56, 26, 38, 3, 1, 
2019/2/24, 67, 19, 38, 6, 1, 
2019/2/25, 59, 14, 40, 6, 1, 
2019/2/26, 43, 10, 44, 5, 1, 
2019/2/27, 28, 10, 38, 3, 2, 
2019/2/28, 32, 15, 40, 5, 2, 
2019/3/1, 48, 16, 33, 3, 1, 
2019/3/2, 44, 9, 38, 4, 1, 
2019/3/3, 20, 10, 38, 2, 1, 
2019/3/4, 23, 8, 27, 3, , 
2019/3/5, 39, 12, 30, 3, 1, 
2019/3/6, 33, 5, 35, 4, 1, 
2019/3/7, 17, 5, 36, 4, 1, 
2019/3/8, 20, 7, 40, 3, 1, 
2019/3/9, 23, 6, 31, 4, 1, 
2019/3/10, 20, 5, 30, 3, 1, 
2019/3/11, 20, 9, 29, 6, 1, 
2019/3/12, 31, 10, 37, 2, 1, 
2019/3/13, 25, 4, 37, 5, 1, 
2019/3/14, 11, 9, 36, 5, 1, 
2019/3/15, 17, 12, 35, 3, 1, 
2019/3/16, 26, 10, 44, 2, 1, 
2019/3/17, 22, 7, 40, 5, 1, 
2019/3/18, 15, 5, 35, 3, 1, 
2019/3/19, 11, 5, 35, 3, 1, 
2019/3/20, 22, 10, 44, 4, 1, 
2019/3/21, 33, 12, 42, 4, 1, 
2019/3/22, 39, 15, 41, 4, 1, 
2019/3/23, 47, 16, 45, 5, 1, 
2019/3/24, 47, 12, 44, 5, 1, 
2019/3/25, 31, 13, 40, 2, 1, 
2019/3/26, 41, 11, 45, 3, , 
2019/3/27, 34, 11, 47, 4, 1, 
2019/3/28, 28, 10, 45, 3, 1, 
2019/3/29, 32, 12, 44, 3, 1, 
2019/3/30, 46, 11, 28, 2, 1, 
2019/3/31, 40, 6, 33, 3, 1, 
2018/10/1, 24, 8, 40, 5, 1, 
2018/10/2, 16, 8, 35, 3, 1, 
2018/10/3, 15, 9, 40, 4, 1, 
2018/10/4, 18, 10, 43, 3, 1, 
2018/10/5, 26, 14, 39, 4, , 
2018/10/6, 42, 12, 35, 2, 1, 
2018/10/7, 32, 4, 29, 3, 1, 
2018/10/8, 7, 4, 27, 2, 1, 
2018/10/9, 11, 4, 31, 2, 1, 
2018/10/10, 18, 8, 28, 5, 1, 
2018/10/11, 35, 7, 27, 2, 1, 
2018/10/12, 32, 10, 29, 2, 1, 
2018/10/13, 45, 14, 26, 2, 1, 
2018/10/14, 51, 4, 32, 3, , 
2018/10/15, 15, 3, 31, 3, , 
2018/10/16, 13, 6, 33, 3, 1, 
2018/10/17, 25, 9, 18, 4, 1, 
2018/10/18, 46, 5, 25, 3, , 
2018/10/19, 19, 3, 25, 2, , 
2018/10/20, 9, , 20, 2, , 
2018/10/22, 35, 19, 30, 6, 1, 
2018/10/23, 61, 12, 30, 7, , 
2018/10/24, 31, 6, 33, 8, , 
2018/10/25, 25, 9, 28, 6, 1, 
2018/10/26, 36, 9, 27, 2, 1, 
2018/10/27, 27, 2, 31, 2, 1, 
2018/10/28, 8, 4, 32, 2, 1, 
2018/10/29, 10, 3, 27, 4, , 
2018/10/30, 14, 3, 26, 2, , 
2018/10/31, 13, 2, 28, 2, 1, 
2018/11/1, 10, 3, 27, 2, 1, 
2018/11/2, 16, 2, 32, 4, 1, 
2018/11/3, 13, 4, 32, 6, 1, 
2018/11/4, 16, 5, 26, 4, 1, 
2018/11/5, 24, 3, 31, 4, , 
2018/11/6, 14, 3, 28, 2, 1, 
2018/11/7, 14, 5, 19, 5, 1, 
2018/11/8, 32, 6, 33, 2, 1, 
2018/11/9, 24, 3, 24, 4, 1, 
2018/11/10, 16, 5, 18, 4, , 
2018/11/11, 21, 8, 24, 4, , 
2018/11/12, 43, 13, 23, 3, 1, 
2018/11/13, 48, 13, 25, 4, 1, 
2018/11/14, 56, 14, 20, 3, 1, 
2018/11/15, 50, 9, 16, 4, 1, 
2018/11/16, 42, 11, 22, 3, 1, 
2018/11/17, 52, 13, 23, 3, 1, 
2018/11/18, 50, 5, 21, 4, 1, 
2018/11/19, 29, 7, 26, 3, 1, 
2018/11/20, 31, 5, 28, 4, 1, 
2018/11/21, 19, 5, 23, 6, 1, 
2018/11/22, 27, 8, 19, 4, 1, 
2018/11/23, 36, 5, 30, 5, 1, 
2018/11/24, 22, 4, 24, 3, 1, 
2018/11/25, 18, 3, 33, 2, , 
2018/11/26, 10, 2, 30, 2, 1, 
2018/11/27, 8, 3, 33, 7, 1, 
2018/11/28, 15, 5, 22, 10, 1, 
2018/11/29, 22, 5, 31, 3, , 
2018/11/30, 17, 3, 29, 7, , 
2018/12/1, 18, 4, 19, 3, , 
2018/12/2, 15, , , , , 
2018/12/3, 15, 5, 18, 7, 1, 
2018/12/4, 22, 5, 16, 5, 1, 
2018/12/5, 19, 4, 23, 4, 1, 
2018/12/6, 18, 5, 30, 4, 1, 
2018/12/7, 21, 5, 27, 3, 1, 
2018/12/8, 16, 3, 30, 2, 1, 
2018/12/9, 13, 5, 27, 7, 1, 
2018/12/10, 29, 10, 21, 6, 1, 
2018/12/11, 41, 8, 27, 7, 1, 
2018/12/12, 40, 10, 29, 3, 1, 
2018/12/13, 36, 3, 29, 1, 1, 
2018/12/14, 8, 2, 26, 2, 1, 
2018/12/15, 9, 2, 26, 2, 1, 
2018/12/16, 10, 2, 29, 3, 1, 
2018/12/17, 10, 3, 20, 4, 1, 
2018/12/18, 24, 5, 29, 3, 1, 
2018/12/19, 18, 3, 26, 3, 1, 
2018/12/20, 12, 3, 23, 6, 1, 
2018/12/21, 11, 2, 22, 4, 1, 
2018/12/22, 11, 3, 19, 5, 1, 
2018/12/23, 18, 4, 26, 7, 2, 
2018/12/24, 21, 5, 22, 7, 1, 
2018/12/25, 23, 7, 20, 9, 1, 
2018/12/26, 37, 12, 19, 9, 1, 
2018/12/27, 63, 18, 17, 5, 1, 
2018/12/28, 62, 10, 23, 4, 1, 
2018/12/29, 42, 7, 26, 4, 1, 
2018/12/30, 29, , , , , 
2018/7/1, 47, 14, 54, 2, 1, 
2018/7/2, 33, 16, 47, 2, 1, 
2018/7/3, 29, 17, 47, 2, 1, 
2018/7/4, 33, 17, 46, 1, 1, 
2018/7/5, 33, 14, 55, 19, 1, 
2018/7/6, 34, 14, 56, 2, 1, 
2018/7/7, 43, 17, 67, 2, 1, 
2018/7/8, 35, 17, 66, 2, 1, 
2018/7/9, 28, 17, 56, 3, 1, 
2018/7/10, 29, 18, 54, 1, 1, 
2018/7/11, 49, 17, 37, 2, 1, 
2018/7/12, 51, 25, 33, 2, 1, 
2018/7/13, 61, 58, 44, 3, 1, 
2018/7/14, 52, 39, 50, 2, 1, 
2018/7/15, 46, 26, 42, 2, 1, 
2018/7/16, 39, 26, 36, , 1, 
2018/7/17, 40, 29, 41, 2, 1, 
2018/7/18, 39, 26, 44, 2, 1, 
2018/7/19, 40, 13, 38, 2, 1, 
2018/7/20, 32, 2, 32, 2, 1, 
2018/7/21, 7, 1, 26, 3, 1, 
2018/7/22, 3, 1, 38, 6, 23, 
2018/7/23, 3, 12, 48, 2, 1, 
2018/7/24, 26, 18, 42, 3, 1, 
2018/7/25, 45, 20, 51, 2, 1, 
2018/7/26, 53, 19, 46, 4, 1, 
2018/7/27, 43, 21, 48, 2, 1, 
2018/7/28, 40, 21, 47, , 1, 
2018/7/29, 50, 19, 42, 3, 1, 
2018/7/30, 50, 18, 49, 2, 1, 
2018/7/31, 45, 19, 46, 3, 1, 
2018/8/1, 43, 20, 56, 3, 1, 
2018/8/2, 34, 29, 56, 3, 1, 
2018/8/3, 32, 29, 62, 2, 1, 
2018/8/4, 45, 22, 70, 2, 1, 
2018/8/5, 38, 26, 61, 2, 1, 
2018/8/6, 49, 29, 42, 2, 1, 
2018/8/7, 59, 25, 32, 2, 1, 
2018/8/8, 58, 23, 40, 2, 1, 
2018/8/9, 56, 18, 29, 1, 1, 
2018/8/10, 40, 17, 30, 2, 1, 
2018/8/11, 50, 20, 32, 2, 1, 
2018/8/12, 55, 22, 38, 1, 1, 
2018/8/13, 55, 15, 32, 2, 1, 
2018/8/14, 44, 11, 25, 1, 1, 
2018/8/15, 35, 11, 33, , 1, 
2018/8/16, 34, 8, 35, , 1, 
2018/8/17, 26, 8, 28, 1, 1, 
2018/8/18, 25, 8, 39, 2, 1, 
2018/8/19, 26, 8, 48, 1, 1, 
2018/8/20, 24, 11, 46, 2, 1, 
2018/8/21, 29, 12, 46, 2, 1, 
2018/8/22, 34, 11, 37, 1, 1, 
2018/8/23, 37, 10, 37, 1, 1, 
2018/8/24, 35, 12, 26, 1, 1, 
2018/8/25, 43, 13, 30, 1, 1, 
2018/8/26, 42, 15, 31, 1, 1, 
2018/8/27, 54, 18, 29, 1, 1, 
2018/8/28, 54, 17, 32, 1, 1, 
2018/8/29, 51, 15, 29, 1, 1, 
2018/8/30, 52, 13, 32, 1, 1, 
2018/8/31, 50, 13, 35, 1, 1, 
2018/9/1, 43, 14, 33, 1, 1, 
2018/9/2, 49, 18, 29, 1, 1, 
2018/9/3, 57, 16, 40, 1, 1, 
2018/9/4, 49, 16, 33, 1, 1, 
2018/9/5, 55, 14, 34, 1, 1, 
2018/9/6, 51, 12, 38, , , 
2018/9/7, 42, 12, 32, 1, 1, 
2018/9/8, 47, 13, 32, 1, 1, 
2018/9/9, 45, 11, 35, 1, 1, 
2018/9/10, 36, 11, 36, 1, , 
2018/9/11, 46, 15, 29, 1, , 
2018/9/12, 55, 12, 21, 2, , 
2018/9/13, 43, , , , , 
2018/9/14, 46, , , , , 
2018/9/15, 39, , , , , 
2018/9/16, 19, 11, 31, 2, 1, 
2018/9/17, 42, 9, 25, 2, 1, 
2018/9/18, 31, 9, 31, 3, 1, 
2018/9/19, 33, 13, 37, 4, 1, 
2018/9/20, 50, 15, 37, 2, , 
2018/9/21, 49, 17, 34, 3, , 
2018/9/22, 57, 18, 16, 3, , 
2018/9/23, 52, , 29, 2, 1, 
2018/9/24, 21, 10, 20, 3, 1, 
2018/9/25, 30, 11, 30, 2, 1, 
2018/9/26, 41, 10, 35, 2, 1, 
2018/9/27, 29, 9, 41, 5, 1, 
2018/9/28, 36, 8, 49, 2, 1, 
2018/9/29, 27, 9, 40, 2, 1, 
2018/9/30, 33, 8, 41, 2, 1, 
2018/4/1, 12, 9, 41, 3, , 
2018/4/2, 18, 8, 34, 2, , 
2018/4/3, 19, 5, 35, , , 
2018/4/4, 12, 5, 35, 2, , 
2018/4/5, 10, 8, 37, 5, , 
2018/4/6, 18, 11, 28, 2, , 
2018/4/7, 33, 5, 35, 3, , 
2018/4/8, 16, 3, 43, 2, , 
2018/4/9, 10, 2, 32, 4, , 
2018/4/10, 9, 2, 37, , , 
2018/4/11, 7, 1, 38, 2, , 
2018/4/12, 5, 3, 38, 2, , 
2018/4/13, 12, 9, 35, 2, , 
2018/4/14, 35, 8, 32, 2, , 
2018/4/15, 30, 3, 34, 1, , 
2018/4/16, 9, 4, 36, 3, , 
2018/4/17, 11, 12, 40, 2, 2, 
2018/4/18, 35, 19, 38, 5, , 
2018/4/19, 49, 27, 35, 3, , 
2018/4/20, 59, 29, 38, 3, , 
2018/4/21, 64, 28, 36, 2, 2, 
2018/4/22, 61, 23, 41, 3, 1, 
2018/4/23, 53, 20, 42, 4, 1, 
2018/4/24, 48, 19, 44, 2, , 
2018/4/25, 41, 29, 40, 2, 1, 
2018/4/26, 55, 31, 41, 3, 2, 
2018/4/27, 69, 24, 40, 2, , 
2018/4/28, 65, 16, 44, , , 
2018/4/29, 51, 4, 47, , , 
2018/4/30, 10, 4, 43, , , 
2018/5/1, 11, 5, 45, 3, , 
2018/5/2, 14, 10, 47, , , 
2018/5/3, 12, 8, 36, 4, , 
2018/5/4, 14, 9, 43, 2, , 
2018/5/5, 26, 13, 42, 2, , 
2018/5/6, 41, 12, 41, 2, , 
2018/5/7, 42, 13, 34, 2, , 
2018/5/8, 43, 16, 46, 2, 1, 
2018/5/9, 53, 16, 38, 2, 1, 
2018/5/10, 48, 15, 38, 2, , 
2018/5/11, 50, 18, 46, 2, 1, 
2018/5/12, 55, 10, 44, , , 
2018/5/13, 23, 5, 45, 2, , 
2018/5/14, 10, 7, 43, 2, 1, 
2018/5/15, 12, 9, 45, 2, 1, 
2018/5/16, 21, 11, 49, 2, 1, 
2018/5/17, 24, 13, 42, 2, 1, 
2018/5/18, 42, 13, 52, 2, 1, 
2018/5/19, 49, 11, 46, 2, 1, 
2018/5/20, 41, 13, 45, 3, , 
2018/5/21, 49, 10, 44, 2, , 
2018/5/22, 37, 11, 47, 2, 1, 
2018/5/23, 39, 10, 50, 2, 1, 
2018/5/24, 34, 14, 41, 2, , 
2018/5/25, 31, 21, 20, 1, , 
2018/5/26, 46, 17, 29, 2, , 
2018/5/27, 38, , , , , 
2018/5/29, 42, 10, 36, 2, 1, 
2018/5/30, 35, 7, 41, 2, 1, 
2018/5/31, 23, 19, 45, 2, 1, 
2018/6/1, 62, 10, 38, 2, 1, 
2018/6/2, 39, 8, 35, , 1, 
2018/6/3, 30, 6, 37, , 1, 
2018/6/4, 23, 3, 44, , 1, 
2018/6/5, 8, 5, 29, 2, 1, 
2018/6/6, 16, 5, 36, 2, 1, 
2018/6/7, 19, 8, 39, 2, 1, 
2018/6/8, 28, 9, 35, 2, 1, 
2018/6/9, 31, 8, 33, 2, 1, 
2018/6/10, 28, 5, 38, 1, 1, 
2018/6/11, 16, 3, 35, , 1, 
2018/6/12, 7, 8, 38, , 1, 
2018/6/13, 20, 9, 42, 2, 1, 
2018/6/14, 19, 9, 43, 2, 1, 
2018/6/15, 21, 13, 32, 2, 1, 
2018/6/16, 32, 12, 37, 2, 1, 
2018/6/17, 28, 10, 37, 2, , 
2018/6/18, 17, 11, 36, 2, 1, 
2018/6/19, 19, 11, 38, 2, 1, 
2018/6/20, 20, 11, 51, 2, 1, 
2018/6/21, 21, 15, 48, 5, 1, 
2018/6/22, 28, 14, 40, 2, 1, 
2018/6/23, 39, 11, 37, 2, 1, 
2018/6/24, 38, 14, 46, 3, 3, 
2018/6/25, 43, 11, 42, 2, 1, 
2018/6/26, 32, 15, 46, 2, 1, 
2018/6/27, 37, 16, 38, 2, 1, 
2018/6/28, 47, 16, 45, 5, 1, 
2018/6/29, 52, 14, 44, 2, 1, 
2018/6/30, 40, 17, 39, 2, , 
2018/1/1, 7, 2, 28, , , 
2018/1/2, 6, 2, 23, , , 
2018/1/3, 9, 2, 22, 2, , 
2018/1/4, 7, 4, 29, , , 
2018/1/5, 12, 10, 21, 2, , 
2018/1/6, 42, , , , , 
2018/1/9, 12, 2, 31, 2, , 
2018/1/10, 13, 3, 35, , , 
2018/1/11, 6, 2, 31, 2, , 
2018/1/12, 10, 6, 28, 3, , 
2018/1/13, 21, 2, 30, 2, , 
2018/1/14, 8, 4, 31, 2, , 
2018/1/15, 13, 2, 30, 2, , 
2018/1/16, 7, 6, 33, , , 
2018/1/17, 12, 5, 32, 5, , 
2018/1/18, 17, 3, 29, 2, , 
2018/1/19, 11, 6, 30, 2, , 
2018/1/20, 14, 8, 25, , , 
2018/1/21, 11, 2, 34, 2, , 
2018/1/22, 7, 4, 27, 7, 1, 
2018/1/23, 12, 7, 25, 5, , 
2018/1/24, 21, 13, 29, 4, , 
2018/1/25, 44, 1, 31, , , 
2018/1/26, 5, 1, 32, , , 
2018/1/27, 7, 6, 27, , , 
2018/1/28, 24, 8, 28, 7, , 
2018/1/29, 30, 8, 32, 5, , 
2018/1/30, 31, 11, 30, 3, , 
2018/1/31, 39, 8, 28, 2, , 
2018/2/1, 29, 2, 33, 1, , 
2018/2/2, 6, 1, 31, , , 
2018/2/3, 6, 3, 23, 2, , 
2018/2/4, 14, 6, 27, 4, , 
2018/2/5, 26, 6, 29, 1, , 
2018/2/6, 20, 4, 32, , , 
2018/2/7, 17, 3, 30, 2, , 
2018/2/8, 12, 2, 36, 1, , 
2018/2/9, 11, 2, 35, , , 
2018/2/10, 8, 1, 30, 2, , 
2018/2/11, 9, 1, 27, , , 
2018/2/12, 7, 4, 33, 3, , 
2018/2/13, 15, 3, 27, 2, , 
2018/2/14, 11, 4, 25, 9, , 
2018/2/15, 12, 8, 23, 5, , 
2018/2/16, 30, 7, 27, 2, , 
2018/2/17, 28, 4, 34, 3, , 
2018/2/18, 14, 4, 30, 3, , 
2018/2/19, 13, 3, 30, , , 
2018/2/20, 7, 3, 32, , , 
2018/2/21, 9, 11, 34, 4, , 
2018/2/22, 46, 14, 37, 7, , 
2018/2/23, 50, 20, 39, 2, , 
2018/2/24, 64, 21, 41, 4, 3, 
2018/2/25, 68, 15, 36, 2, , 
2018/2/26, 52, 12, 31, 2, , 
2018/2/27, 44, 11, 22, 2, , 
2018/2/28, 38, 11, 32, 2, , 
2018/3/1, 41, 7, 34, 4, , 
2018/3/2, 29, 4, 36, 1, , 
2018/3/3, 16, 3, 32, 5, , 
2018/3/4, 10, 2, 33, 1, , 
2018/3/5, 7, 2, 33, 3, , 
2018/3/6, 9, 4, 36, 6, , 
2018/3/7, 13, 6, 30, 3, , 
2018/3/8, 21, 4, 31, 2, , 
2018/3/9, 17, 3, 30, , , 
2018/3/10, 10, 3, 36, , , 
2018/3/11, 10, 2, 35, , , 
2018/3/12, 6, 4, 32, 3, , 
2018/3/13, 14, 6, 28, 2, , 
2018/3/14, 20, 4, 38, 2, , 
2018/3/15, 14, 2, 35, , , 
2018/3/16, 7, 2, 34, , , 
2018/3/17, 8, 2, 37, , , 
2018/3/18, 7, 2, 36, 2, , 
2018/3/19, 7, 6, 37, , , 
2018/3/20, 17, 10, 39, 2, , 
2018/3/21, 37, 6, 39, 1, 1, 
2018/3/22, 21, 9, 38, , , 
2018/3/23, 19, 4, 36, , , 
2018/3/24, 9, 2, 33, 2, , 
2018/3/25, 8, 2, 34, 1, , 
2018/3/26, 7, 4, 32, , 1, 
2018/3/27, 8, 5, 33, , , 
2018/3/28, 10, 6, 36, 2, , 
2018/3/29, 15, 5, 39, , , 
2018/3/30, 12, 3, 41, , , 
2018/3/31, 5, 5, 37, 2, , 
2017/10/1, 50, 10, 29, 2, , 
2017/10/2, 32, 9, 34, 2, , 
2017/10/3, 31, 6, 34, 3, , 
2017/10/4, 22, 11, 42, 3, , 
2017/10/5, 34, 11, 44, 4, , 
2017/10/6, 25, 10, 38, 2, , 
2017/10/7, 17, 9, 43, 3, , 
2017/10/8, 26, 8, 44, 2, , 
2017/10/9, 19, 10, 44, 3, , 
2017/10/10, 26, 14, 46, 2, , 
2017/10/11, 45, 20, 48, 2, , 
2017/10/12, 59, 22, 46, 2, , 
2017/10/13, 67, 23, 44, 1, , 
2017/10/14, 67, 15, 42, 2, , 
2017/10/15, 47, 13, 45, 2, , 
2017/10/16, 45, 15, 48, 2, , 
2017/10/17, 48, 15, 31, 2, , 
2017/10/18, 45, 2, 36, 2, , 
2017/10/19, 11, 5, 39, 3, , 
2017/10/20, 15, 6, 33, 2, , 
2017/10/21, 19, 6, 36, 3, , 
2017/10/22, 16, 7, 37, 3, , 
2017/10/23, 22, 8, 40, 3, , 
2017/10/24, 23, 10, 33, 4, , 
2017/10/25, 24, 12, 35, 4, 1, 
2017/10/26, 32, 20, 38, 2, , 
2017/10/27, 31, 16, 37, 3, , 
2017/10/28, 31, 10, 38, 3, , 
2017/10/29, 30, 9, 33, 4, , 
2017/10/30, 30, 12, 34, 2, , 
2017/10/31, 39, 10, 35, 2, , 
2017/11/1, 36, 9, 36, 2, , 
2017/11/2, 32, 16, 34, 4, , 
2017/11/3, 50, 13, 36, 2, , 
2017/11/4, 40, 14, 39, , , 
2017/11/5, 11, 6, 38, , , 
2017/11/6, 7, 6, 39, 2, , 
2017/11/7, 13, 7, 37, 1, , 
2017/11/8, 11, 7, 36, , , 
2017/11/9, 7, 3, 36, , , 
2017/11/10, 5, 4, 34, , , 
2017/11/11, 7, 6, 34, , , 
2017/11/12, 10, 22, 40, , , 
2017/11/13, 16, 8, 35, 5, , 
2017/11/14, 22, 16, 36, 4, , 
2017/11/15, 24, 19, 38, 3, , 
2017/11/16, 41, 13, 32, 3, , 
2017/11/17, 27, 14, 33, 2, , 
2017/11/18, 37, 15, 35, 3, , 
2017/11/19, 47, 13, 34, 3, , 
2017/11/20, 34, 13, 33, 3, , 
2017/11/21, 30, 17, 31, 3, , 
2017/11/22, 42, 14, 31, 1, , 
2017/11/23, 24, 24, 33, 2, , 
2017/11/24, 38, 20, 30, 2, , 
2017/11/25, 33, 10, 33, 2, , 
2017/11/26, 13, 10, 30, 4, , 
2017/11/27, 21, 17, 35, 4, , 
2017/11/28, 33, 6, 24, 1, , 
2017/11/29, 23, 4, 32, , , 
2017/11/30, 17, 2, 36, , , 
2017/12/1, 7, 8, 34, , , 
2017/12/2, 15, 2, 35, , , 
2017/12/3, 8, 4, 32, 2, , 
2017/12/4, 13, 7, 30, 3, , 
2017/12/5, 27, 12, 32, 3, , 
2017/12/6, 42, 13, 30, 3, , 
2017/12/7, 43, 5, 30, 1, , 
2017/12/8, 17, 6, 27, 2, , 
2017/12/9, 20, 4, 26, , , 
2017/12/10, 13, 2, 33, , , 
2017/12/11, 8, 2, 31, , , 
2017/12/12, 7, 4, 27, , , 
2017/12/13, 12, 3, 25, 2, , 
2017/12/14, 12, 3, 31, , , 
2017/12/15, 7, 6, 30, , , 
2017/12/16, 10, 2, 31, , , 
2017/12/17, 11, 6, 29, , , 
2017/12/18, 9, 7, 30, , , 
2017/12/19, 25, 14, 26, 7, , 
2017/12/20, 45, 10, 27, 4, , 
2017/12/21, 30, 6, 26, 5, , 
2017/12/22, 15, 6, 24, 3, , 
2017/12/23, 22, 5, 25, 2, , 
2017/12/24, 18, 6, 26, 5, , 
2017/12/25, 23, 4, 29, 2, , 
2017/12/26, 16, 3, 32, 1, , 
2017/12/27, 8, 2, 29, , , 
2017/12/28, 6, 4, 29, 2, , 
2017/12/29, 11, 2, 24, 1, , 
2017/12/30, 11, , , , , 
2017/7/1, 12, 6, 40, 3, , 
2017/7/2, 12, 8, 43, 4, 1, 
2017/7/3, 15, 6, 36, 4, 1, 
2017/7/4, 12, 8, 41, 3, , 
2017/7/5, 16, 17, 39, 4, , 
2017/7/6, 33, 18, 39, 5, , 
2017/7/7, 32, 11, 58, 3, , 
2017/7/8, 24, 9, 60, 2, , 
2017/7/9, 24, 15, 58, 3, , 
2017/7/10, 40, 15, 52, 4, , 
2017/7/11, 39, 19, 62, 4, , 
2017/7/12, 44, 20, 51, 4, , 
2017/7/13, 51, 21, 41, 3, , 
2017/7/14, 55, 18, 41, 2, , 
2017/7/15, 46, 16, 47, 3, , 
2017/7/16, 39, 14, 47, 3, , 
2017/7/17, 29, 13, 51, 3, , 
2017/7/18, 30, 16, 46, 3, , 
2017/7/19, 42, 21, 44, 2, , 
2017/7/20, 57, 22, 42, 2, , 
2017/7/21, 60, 23, 40, 2, , 
2017/7/22, 62, 20, 37, 2, , 
2017/7/23, 58, 16, 42, 2, , 
2017/7/24, 42, 12, 41, 2, , 
2017/7/25, 12, 13, 46, 3, , 
2017/7/26, 22, 16, 54, 3, , 
2017/7/27, 35, 19, 46, 3, , 
2017/7/28, 44, 19, 44, 3, , 
2017/7/29, 51, 16, 47, 3, , 
2017/7/30, 46, 20, 44, 3, , 
2017/7/31, 55, 24, 31, 3, , 
2017/8/1, 62, 26, 38, 4, , 
2017/8/2, 56, 25, 53, 3, , 
2017/8/3, 51, 26, 56, 4, , 
2017/8/4, 49, , 54, 3, , 
2017/8/5, 41, , 37, 3, , 
2017/8/7, 53, 23, 45, 3, , 
2017/8/8, 41, 15, 38, 3, , 
2017/8/9, 28, 3, 36, 4, , 
2017/8/10, 10, 6, 40, 4, , 
2017/8/11, 14, 9, 44, 4, , 
2017/8/12, 21, 8, 42, 3, , 
2017/8/13, 23, 8, 41, 3, , 
2017/8/14, 22, 12, 42, 3, , 
2017/8/15, 26, 20, 41, 3, , 
2017/8/16, 52, 29, 41, 3, , 
2017/8/17, 58, 22, 46, 4, , 
2017/8/18, 47, 16, 35, 4, , 
2017/8/19, 36, 14, 36, 2, , 
2017/8/20, 40, 15, 41, 2, , 
2017/8/21, 40, 13, 45, 3, , 
2017/8/22, 33, 12, 45, 3, , 
2017/8/23, 29, 14, 44, 3, , 
2017/8/24, 30, 13, 36, 3, , 
2017/8/25, 28, 16, 41, 3, , 
2017/8/26, 47, 17, 40, 2, , 
2017/8/27, 45, 16, 37, 2, , 
2017/8/28, 45, 9, 29, 2, , 
2017/8/29, 29, 7, 33, 2, , 
2017/8/30, 22, 8, 39, 2, , 
2017/8/31, 28, 9, 38, 2, , 
2017/9/1, 30, 6, 41, 2, , 
2017/9/2, 15, 8, 45, 2, , 
2017/9/3, 24, 11, 41, 2, , 
2017/9/4, 37, 12, 45, 3, , 
2017/9/5, 40, , , , , 
2017/9/13, 15, , , , , 
2017/9/15, 30, , , , , 
2017/9/19, 18, 9, 44, 3, , 
2017/9/20, 25, 12, 44, 3, , 
2017/9/21, 41, 8, 43, 3, , 
2017/9/22, 28, 7, 42, 2, , 
2017/9/23, 23, 11, 45, 3, , 
2017/9/24, 36, 15, 48, 2, , 
2017/9/25, 38, 8, 37, 4, , 
2017/9/26, 24, 10, 40, 3, , 
2017/9/27, 34, 12, 42, 3, , 
2017/9/28, 41, 12, 43, 3, , 
2017/9/29, 42, 14, 37, 3, , 
2017/9/30, 50, 15, 35, 2, , 
2017/4/1, 11, 3, 33, , 3, 
2017/4/2, 7, 6, 32, 4, 6, 
2017/4/3, 11, 9, 34, 2, 5, 
2017/4/4, 17, 5, 28, 1, 5, 
2017/4/5, 13, 9, 38, 2, , 
2017/4/6, 29, 13, 44, 2, , 
2017/4/7, 46, 12, 47, 2, , 
2017/4/8, 43, 10, 41, 2, , 
2017/4/9, 38, 12, 43, 2, , 
2017/4/10, 40, 30, 42, 2, 14, 
2017/4/11, 26, 14, 40, 2, , 
2017/4/12, 35, 19, 37, 2, 1, 
2017/4/13, 48, 23, 41, 2, , 
2017/4/14, 46, 24, 37, 2, 1, 
2017/4/15, 53, , , , , 
2017/4/18, 45, 13, 32, 2, , 
2017/4/19, 41, 11, 37, 2, , 
2017/4/20, 32, 9, 48, 2, , 
2017/4/21, 30, 8, 45, 2, , 
2017/4/22, 25, 8, 47, 2, 1, 
2017/4/23, 23, 7, 51, 2, , 
2017/4/24, 17, 17, 37, 2, , 
2017/4/25, 45, 21, 32, 2, , 
2017/4/26, 61, 5, 29, 2, , 
2017/4/27, 20, 7, 39, 2, , 
2017/4/28, 28, 11, 36, 2, , 
2017/4/29, 36, 7, 38, 1, , 
2017/4/30, 27, , , , , 
2017/5/2, 15, 7, 43, 2, , 
2017/5/3, 21, 9, 41, 2, , 
2017/5/4, 26, 16, 39, 2, , 
2017/5/5, 44, 6, 38, 2, , 
2017/5/6, 21, 6, 42, 2, , 
2017/5/7, 10, 9, 46, 2, , 
2017/5/8, 17, 12, 46, 2, , 
2017/5/9, 35, 12, 39, 2, , 
2017/5/10, 38, 8, 38, , , 
2017/5/11, 23, 2, 35, , , 
2017/5/12, 6, 3, 35, , , 
2017/5/13, 9, 6, 40, 2, , 
2017/5/14, 15, 8, 41, 2, , 
2017/5/15, 17, 8, 45, 2, , 
2017/5/16, 17, 12, 45, 2, 1, 
2017/5/17, 17, 6, 38, 2, , 
2017/5/18, 14, 5, 38, 2, , 
2017/5/19, 13, 6, 44, 2, , 
2017/5/20, 18, 8, 40, 2, , 
2017/5/21, 21, 9, 41, 3, , 
2017/5/22, 19, 9, 44, 3, 1, 
2017/5/23, 22, 10, 48, 2, , 
2017/5/24, 22, 14, 46, 3, 2, 
2017/5/25, 22, 13, 48, 3, 1, 
2017/5/26, 24, 14, 48, 4, , 
2017/5/27, 39, 11, 51, 2, , 
2017/5/28, 31, 12, 49, 3, , 
2017/5/29, 28, 13, 46, 3, , 
2017/5/30, 34, 16, 70, 2, , 
2017/5/31, 51, 13, 82, 3, , 
2017/6/1, 40, 15, 43, 4, , 
2017/6/2, 39, 12, 39, 2, , 
2017/6/3, 40, 11, 37, 3, , 
2017/6/4, 40, 3, 36, 2, , 
2017/6/5, 12, 7, 39, 2, , 
2017/6/6, 23, 10, 34, , , 
2017/6/7, 29, 14, 35, , , 
2017/6/8, 43, 13, 34, , , 
2017/6/9, 36, 10, 36, , , 
2017/6/10, 27, 9, 40, , , 
2017/6/11, 20, 8, 40, , , 
2017/6/12, 15, 9, 40, , , 
2017/6/13, 23, 12, 42, 4, 1, 
2017/6/14, 25, 21, 41, 3, 1, 
2017/6/15, 36, 15, 37, 3, , 
2017/6/16, 29, 19, 39, 3, , 
2017/6/17, 47, 15, 39, 3, , 
2017/6/18, 40, 14, 39, 4, , 
2017/6/19, 37, 13, 40, 2, , 
2017/6/20, 35, 10, 34, 2, , 
2017/6/21, 29, 14, , 4, , 
2017/6/22, 33, 17, 63, 4, 1, 
2017/6/23, 34, 21, 55, 3, , 
2017/6/24, 52, 19, 43, 2, , 
2017/6/25, 53, 14, 46, 3, , 
2017/6/26, 38, 15, 49, 4, , 
2017/6/27, 28, 8, 34, 3, , 
2017/6/28, 10, 10, 44, 2, , 
2017/6/29, 14, 10, 38, 2, , 
2017/6/30, 13, 6, 37, 3, , 
2017/1/2, 35, , 32, 3, 5, 
2017/1/4, 21, 7, 30, 4, 3, 
2017/1/5, 21, 12, 29, 2, 3, 
2017/1/6, 40, 7, 16, 3, 4, 
2017/1/7, 26, 11, 33, 2, 4, 
2017/1/8, 40, 8, 30, 3, 2, 
2017/1/9, 30, 6, 27, 1, 2, 
2017/1/10, 13, 7, 28, 3, 1, 
2017/1/11, 19, 5, 22, 2, 1, 
2017/1/12, 13, 4, 35, 1, 2, 
2017/1/13, 16, 2, 32, , 2, 
2017/1/14, 6, 2, 31, , 4, 
2017/1/15, 7, 6, 29, , 2, 
2017/1/16, 6, 3, 34, 2, 2, 
2017/1/17, 7, 6, 32, 5, 1, 
2017/1/18, 19, 6, 29, 2, 1, 
2017/1/19, 23, , 26, , , 
2017/1/24, 16, 8, , 2, , 
2017/1/25, 24, 19, 24, 6, 1, 
2017/1/26, 64, 12, 30, 2, 2, 
2017/1/27, 41, 3, 29, , 2, 
2017/1/28, 14, 4, 30, 6, 1, 
2017/1/29, 17, 7, 22, 6, 2, 
2017/1/30, 26, 12, 13, 6, 2, 
2017/1/31, 41, 8, 29, 2, 1, 
2017/2/1, 26, 5, 27, 2, , 
2017/2/2, 21, 6, 34, 2, 3, 
2017/2/3, 22, 2, 31, , 3, 
2017/2/4, 10, 1, 35, , 5, 
2017/2/5, 6, 2, 31, , 2, 
2017/2/6, 9, 2, 25, , 3, 
2017/2/7, 10, 2, 31, , 3, 
2017/2/8, 6, 5, 30, 7, 3, 
2017/2/9, 24, 7, 27, 4, 1, 
2017/2/10, 24, 9, 23, 2, 1, 
2017/2/11, 34, 24, 25, 2, 2, 
2017/2/12, 55, 13, 22, 2, , 
2017/2/13, 42, 5, 25, 3, 1, 
2017/2/14, 20, 12, 26, 2, 2, 
2017/2/15, 42, 15, 25, 3, 2, 
2017/2/16, 49, 18, 28, 4, 3, 
2017/2/17, 58, 15, 30, 3, 6, 
2017/2/18, 54, 17, 31, 2, 4, 
2017/2/19, 57, 14, 33, 4, 4, 
2017/2/20, 50, 10, 38, 4, 8, 
2017/2/21, 36, 10, 32, 4, 5, 
2017/2/22, 28, 57, 21, 3, 5, 
2017/2/23, 74, 24, 22, 3, 3, 
2017/2/24, 63, 14, 36, 2, 7, 
2017/2/25, 41, 21, 28, 2, 4, 
2017/2/26, 67, 15, 29, 2, 7, 
2017/2/27, 49, 8, 30, 3, 6, 
2017/2/28, 21, 7, 28, 3, 5, 
2017/3/1, 26, 9, 32, 2, 4, 
2017/3/2, 31, 15, 33, 2, 1, 
2017/3/3, 55, 2, 36, , , 
2017/3/4, 9, 4, 27, 2, 2, 
2017/3/5, 14, 2, 29, 2, 1, 
2017/3/6, 9, 3, 30, 2, , 
2017/3/7, 11, 10, 27, 4, , 
2017/3/8, 29, 10, 33, 2, , 
2017/3/9, 23, 7, 26, 1, , 
2017/3/10, 15, 12, 18, 1, , 
2017/3/11, 38, 17, 23, , 2, 
2017/3/12, 38, 1, 28, , 1, 
2017/3/13, 5, 16, 34, , 2, 
2017/3/14, 55, 19, 34, 2, 2, 
2017/3/15, 63, 13, 43, 2, 2, 
2017/3/16, 45, 14, 46, 2, 3, 
2017/3/17, 46, 11, 40, 2, 4, 
2017/3/18, 35, 13, 35, 3, 4, 
2017/3/19, 38, 15, 35, 2, 6, 
2017/3/20, 42, 23, 29, 2, 2, 
2017/3/21, 65, 10, 35, 2, 2, 
2017/3/22, 29, 2, 36, , 2, 
2017/3/23, 7, 5, 31, , 2, 
2017/3/24, 14, 4, 35, , 1, 
2017/3/25, 15, 9, 34, , 1, 
2017/3/26, 28, 6, 30, , , 
2017/3/27, 20, 5, 32, 4, 2, 
2017/3/28, 19, 6, 34, 2, 2, 
2017/3/29, 21, 10, 33, 2, 2, 
2017/3/30, 30, 12, 32, 2, 4, 
2017/3/31, 26, 6, 34, 1, 2, 
2016/10/1, 45, 15, 40, 2, , 
2016/10/2, 45, 14, 40, 2, , 
2016/10/3, 46, 11, 40, 2, , 
2016/10/4, 33, 17, 34, 2, , 
2016/10/5, 51, 17, 34, 2, , 
2016/10/6, 52, 17, 39, 2, , 
2016/10/7, 50, 14, 43, 1, , 
2016/10/8, 39, 12, 37, 1, , 
2016/10/9, 32, 12, 39, 2, , 
2016/10/10, 37, 15, 44, 1, , 
2016/10/11, 43, 15, 36, 1, , 
2016/10/12, 46, 7, 25, 2, , 
2016/10/13, 23, 2, 32, 1, , 
2016/10/14, 8, 7, 41, 3, , 
2016/10/15, 24, 9, 41, 1, , 
2016/10/16, 33, 12, 35, 4, , 
2016/10/17, 38, 13, 29, 3, , 
2016/10/18, 46, 18, 30, 3, , 
2016/10/19, 58, 13, 20, 4, , 
2016/10/20, 44, 16, 24, 3, , 
2016/10/21, 50, 15, 22, 3, , 
2016/10/22, 48, 18, 28, 2, , 
2016/10/23, 55, 18, 21, 3, 1, 
2016/10/24, 51, 22, 18, 3, , 
2016/10/25, 54, 43, 22, 3, , 
2016/10/26, 81, 26, 27, 4, , 
2016/10/27, 59, 26, 32, 3, , 
2016/10/28, 67, 13, 38, 3, 1, 
2016/10/29, 37, 10, 36, 3, , 
2016/10/30, 35, 18, 38, 3, , 
2016/10/31, 59, 16, 39, 3, , 
2016/11/1, 56, 12, 33, 4, , 
2016/11/2, 35, 16, 32, 5, , 
2016/11/3, 36, 25, 22, 6, , 
2016/11/4, 57, 7, 33, 2, , 
2016/11/5, 20, 3, 35, 3, , 
2016/11/6, 7, 2, 33, 2, , 
2016/11/7, 10, 4, 33, 1, 1, 
2016/11/8, 8, 3, 33, 1, , 
2016/11/9, 11, 3, 31, 2, , 
2016/11/10, 11, 6, 30, 1, , 
2016/11/11, 19, 8, 32, 4, , 
2016/11/12, 22, 2, 30, 2, , 
2016/11/13, 9, 5, 32, 3, , 
2016/11/14, 12, 6, 31, 3, , 
2016/11/15, 20, 8, 34, 6, 1, 
2016/11/16, 28, 11, 23, 7, 1, 
2016/11/17, 23, 11, 21, 7, 1, 
2016/11/18, 28, 11, 29, 3, , 
2016/11/19, 38, 8, 27, 2, 1, 
2016/11/20, 30, 2, 30, 1, , 
2016/11/21, 8, 3, 29, 3, , 
2016/11/22, 14, 6, 23, 3, , 
2016/11/23, 24, 2, 26, 1, 1, 
2016/11/24, 9, 5, 29, 5, 1, 
2016/11/25, 17, 10, 30, 3, , 
2016/11/26, 41, 6, 28, 1, , 
2016/11/27, 23, 2, 28, 3, , 
2016/11/28, 10, 8, 20, 3, , 
2016/11/29, 32, 6, 27, 2, , 
2016/11/30, 22, 9, 19, 4, , 
2016/12/1, 31, 8, 23, 5, , 
2016/12/2, 27, 12, 24, 3, 1, 
2016/12/3, 44, 8, 27, 2, , 
2016/12/4, 33, 5, 30, 2, , 
2016/12/5, 19, 8, 26, 2, , 
2016/12/6, 32, 13, 28, 2, , 
2016/12/7, 46, 13, 30, 3, , 
2016/12/8, 47, 7, 24, 4, 1, 
2016/12/9, 27, 5, 25, 2, , 
2016/12/10, 21, 5, 27, 3, , 
2016/12/11, 23, 6, 26, 4, 1, 
2016/12/12, 24, 12, 25, 4, 1, 
2016/12/13, 43, 14, 22, 5, 1, 
2016/12/14, 48, 15, 18, 4, 1, 
2016/12/15, 54, 10, 29, 2, , 
2016/12/16, 40, 4, 33, 1, 2, 
2016/12/17, 17, 5, 32, , 1, 
2016/12/18, 22, 4, 28, 2, , 
2016/12/19, 17, 3, 28, 1, 1, 
2016/12/20, 14, 2, 29, 2, 1, 
2016/12/21, 9, 5, 28, 3, 1, 
2016/12/22, 15, 4, 25, 4, 2, 
2016/12/23, 14, 3, 28, 1, 2, 
2016/12/24, 13, 3, 28, 1, 1, 
2016/12/25, 12, 6, 23, 3, 1, 
2016/12/26, 17, 7, 21, 4, 1, 
2016/12/27, 27, 6, 28, 4, 2, 
2016/12/28, 21, 5, 29, 3, 1, 
2016/12/29, 14, 12, 26, 3, 1, 
2016/12/30, 38, 11, 30, 1, 1, 
2016/12/31, 45, 10, 27, 2, 1, 
2017/1/1, 40, 8, 25, 3, 2, 
2016/7/1, 47, 21, 42, 2, 1, 
2016/7/2, 52, 20, 38, 2, , 
2016/7/3, 51, 19, 40, 2, , 
2016/7/4, 45, 18, 46, 2, 1, 
2016/7/5, 32, 17, 55, 3, , 
2016/7/6, 32, 20, 51, 3, , 
2016/7/7, 35, 15, 56, 3, , 
2016/7/8, 37, 16, 53, 3, , 
2016/7/9, 37, 19, 50, 2, , 
2016/7/10, 40, 21, 51, 3, , 
2016/7/11, 36, 21, 47, 5, 1, 
2016/7/12, 38, 18, 37, 2, , 
2016/7/13, 31, 13, 37, 2, 1, 
2016/7/14, 25, 14, 40, 2, , 
2016/7/15, 22, 14, 42, 2, , 
2016/7/16, 36, 10, 55, 2, , 
2016/7/17, 20, 13, 51, 3, , 
2016/7/18, 21, 14, 49, 3, , 
2016/7/19, 26, 27, 34, 4, , 
2016/7/20, 48, 36, 45, 4, , 
2016/7/21, 61, 19, 41, 4, , 
2016/7/22, 50, 9, 43, 4, , 
2016/7/23, 22, 10, 44, 3, , 
2016/7/24, 24, 11, 50, 3, , 
2016/7/25, 24, 49, 67, 4, 2, 
2016/7/26, 116, 30, 48, 4, 1, 
2016/7/27, 67, 12, 50, 4, , 
2016/7/28, 30, 14, 49, 3, , 
2016/7/29, 33, 26, 54, 4, , 
2016/7/30, 44, 21, 37, 3, , 
2016/7/31, 34, , , , , 
2016/8/10, 21, , , , , 
2016/8/12, 45, 12, 45, 2, , 
2016/8/13, 30, 11, 42, 3, , 
2016/8/14, 32, 12, 41, 3, , 
2016/8/15, 21, 16, 37, 2, , 
2016/8/16, 40, 26, 47, 3, , 
2016/8/17, 47, 27, 40, 2, , 
2016/8/18, 60, 25, 44, 3, , 
2016/8/19, 61, 20, 37, 2, , 
2016/8/20, 52, 15, 33, 2, , 
2016/8/21, 34, 14, 40, 3, , 
2016/8/22, 39, 13, 41, 3, , 
2016/8/23, 36, 11, 52, 3, , 
2016/8/24, 25, 10, 50, 2, , 
2016/8/25, 15, 10, 47, 3, , 
2016/8/26, 22, 12, 46, 2, , 
2016/8/27, 34, 18, 39, 2, , 
2016/8/28, 43, 23, 38, 2, , 
2016/8/29, 56, 17, 36, 3, , 
2016/8/30, 50, 15, 39, 3, 2, 
2016/8/31, 41, 13, 42, 3, , 
2016/9/1, 36, 15, 49, 3, , 
2016/9/2, 38, 18, 47, 3, , 
2016/9/3, 37, 20, 52, 4, , 
2016/9/4, 33, 30, 47, 3, , 
2016/9/5, 48, 23, 51, 3, , 
2016/9/6, 41, 19, 42, 4, , 
2016/9/7, 50, 16, 38, 4, , 
2016/9/8, 47, 16, 39, 4, , 
2016/9/9, 44, 17, 40, 3, , 
2016/9/10, 47, 17, 42, 3, , 
2016/9/11, 46, 17, 44, 4, , 
2016/9/12, 45, 18, 42, 3, , 
2016/9/13, 53, 3, 36, 2, , 
2016/9/14, 7, 2, 37, 3, 1, 
2016/9/15, 7, 5, 33, 4, 1, 
2016/9/16, 8, 3, 30, 2, , 
2016/9/17, 6, 3, 30, 4, , 
2016/9/18, 7, 4, 38, 3, , 
2016/9/19, 9, 7, 34, 4, , 
2016/9/20, 16, 12, 41, 3, , 
2016/9/21, 36, 15, 44, 3, , 
2016/9/22, 47, 16, 40, 2, , 
2016/9/23, 50, , , , , 
2016/9/25, 49, 19, , 5, , 
2016/9/26, 60, 13, 36, 3, , 
2016/9/27, 42, 9, 45, 2, , 
2016/9/28, 28, 12, 41, 2, , 
2016/9/29, 42, 11, 41, 3, , 
2016/9/30, 36, 14, 40, 2, , 
2016/4/1, 18, 8, 43, 3, , 
2016/4/2, 20, 10, 45, 3, , 
2016/4/3, 25, 11, 30, 2, , 
2016/4/4, 42, 3, 28, 2, , 
2016/4/5, 14, 10, 33, 3, , 
2016/4/6, 22, 6, 37, 3, 1, 
2016/4/7, 22, 1, 33, 1, 1, 
2016/4/8, 7, 3, 35, 2, , 
2016/4/9, 11, 9, 38, 2, , 
2016/4/10, 26, 4, 35, 2, , 
2016/4/11, 12, 4, 37, 3, , 
2016/4/12, 10, 2, 37, 1, , 
2016/4/13, 8, 6, 37, 4, , 
2016/4/14, 11, 9, 43, 3, , 
2016/4/15, 21, 5, 30, 2, , 
2016/4/16, 12, 2, 41, 2, , 
2016/4/17, 6, 7, 35, 2, , 
2016/4/18, 21, 11, 36, 3, , 
2016/4/19, 35, 10, 39, 3, , 
2016/4/20, 23, 9, 39, 2, , 
2016/4/21, 29, 6, 31, 3, , 
2016/4/22, 25, 3, 34, 2, 1, 
2016/4/23, 12, 3, 37, 1, 1, 
2016/4/24, 8, 7, 37, 3, 1, 
2016/4/25, 18, 10, 40, 3, , 
2016/4/26, 27, 15, 36, 3, , 
2016/4/27, 42, 10, 23, 3, , 
2016/4/28, 41, 11, 26, 3, , 
2016/4/29, 43, 8, 37, 2, , 
2016/4/30, 30, 3, 42, 1, 1, 
2016/5/2, 20, 10, 48, 4, , 
2016/5/3, 19, 10, 47, 4, , 
2016/5/4, 25, 11, 42, 5, , 
2016/5/5, 30, 16, 39, 3, , 
2016/5/6, 52, 14, 38, 2, , 
2016/5/7, 52, 12, 32, 1, , 
2016/5/8, 49, 6, 29, 2, , 
2016/5/9, 22, 5, 27, 2, , 
2016/5/10, 18, 4, 40, 2, , 
2016/5/11, 14, 1, 36, 1, , 
2016/5/12, 6, 1, 36, 1, , 
2016/5/13, 5, 3, 35, 1, , 
2016/5/14, 11, 8, 42, 2, , 
2016/5/15, 29, 12, 39, 2, , 
2016/5/16, 38, 14, 40, 2, , 
2016/5/17, 47, 16, 39, 3, , 
2016/5/18, 55, 6, 44, 2, 3, 
2016/5/19, 22, 9, 46, 2, , 
2016/5/20, 27, 12, 44, 2, , 
2016/5/21, 41, 8, 54, 1, 4, 
2016/5/22, 18, 9, 39, 2, 1, 
2016/5/23, 21, , , , , 
2016/5/25, 33, , , , , 
2016/5/27, 55, , , , , 
2016/5/31, 14, 11, 55, 1, 1, 
2016/6/1, 22, 13, 51, 1, 1, 
2016/6/2, 31, 13, 54, 3, 1, 
2016/6/3, 31, , , , , 
2016/6/8, 26, 16, 57, 2, 3, 
2016/6/9, 35, 16, 47, 2, 2, 
2016/6/10, 43, , , , , 
2016/6/14, 23, 9, 44, 1, 1, 
2016/6/15, 11, 13, 32, 2, , 
2016/6/16, 8, 10, 43, 1, 1, 
2016/6/17, 24, 12, 38, 1, 1, 
2016/6/18, 17, 8, 41, 2, 1, 
2016/6/19, 14, 11, 41, 2, 2, 
2016/6/20, 16, 34, 48, 2, 1, 
2016/6/21, 51, 59, 48, 3, 1, 
2016/6/22, 156, 13, 50, 3, 1, 
2016/6/23, 11, 21, 49, 3, 1, 
2016/6/24, 26, 17, 42, 2, , 
2016/6/25, 32, 14, 38, 1, , 
2016/6/26, 35, 16, 39, 2, , 
2016/6/27, 38, 21, 41, 2, , 
2016/6/28, 42, 18, 42, 2, , 
2016/6/29, 38, 20, 44, 2, , 
2016/6/30, 43, 19, 42, 2, 1, 
2016/1/4, 10, 2, 27, 2, , 
2016/1/5, 6, 4, 28, 4, 2, 
2016/1/6, 13, 2, 24, 2, , 
2016/1/7, 5, 4, 22, , , 
2016/1/8, 14, 4, 27, , , 
2016/1/9, 9, 2, 27, 2, 1, 
2016/1/10, 9, 4, 31, 2, , 
2016/1/11, 11, 5, 26, 6, 2, 
2016/1/12, 11, 8, 24, 9, 2, 
2016/1/13, 22, 5, 23, 4, 2, 
2016/1/14, 14, 9, 27, 2, 2, 
2016/1/15, 10, 3, 27, 2, 2, 
2016/1/16, 6, 7, 26, 8, 1, 
2016/1/17, 16, 5, 27, 3, , 
2016/1/18, 9, 7, 26, 7, 1, 
2016/1/19, 13, 11, 25, 8, 2, 
2016/1/20, 31, 8, 24, 7, 1, 
2016/1/21, 25, 11, 20, 7, 2, 
2016/1/22, 33, 17, 18, 7, , 
2016/1/23, 52, 20, 19, 4, , 
2016/1/24, 59, 21, 16, 8, 2, 
2016/1/25, 66, 19, 20, 7, , 
2016/1/26, 64, 22, 25, 6, 1, 
2016/1/27, 65, 17, 24, 7, 2, 
2016/1/28, 50, 14, 21, 4, , 
2016/1/29, 47, 12, 28, 2, 1, 
2016/1/30, 40, 6, 22, 1, 2, 
2016/1/31, 19, 4, , 11, , 
2016/2/1, 15, 14, , 7, 1, 
2016/2/2, 40, 10, 33, 3, 2, 
2016/2/3, 21, 7, 33, 10, 2, 
2016/2/4, 21, 13, 32, 4, 2, 
2016/2/5, 38, 16, 30, 3, 2, 
2016/2/6, 51, 4, 30, 2, 1, 
2016/2/7, 22, 3, 26, 2, , 
2016/2/8, 11, 4, 26, 3, 1, 
2016/2/9, 11, 3, 26, 2, 1, 
2016/2/10, 7, 3, 24, 4, , 
2016/2/11, 10, 4, 26, 2, , 
2016/2/12, 7, 2, 21, 1, , 
2016/2/13, 5, 2, 30, 2, 1, 
2016/2/14, 7, 4, 29, 2, 1, 
2016/2/15, 10, 3, 29, 2, 2, 
2016/2/16, 12, 5, 32, 2, 2, 
2016/2/17, 14, 9, 23, 4, , 
2016/2/18, 28, 6, 30, 6, 1, 
2016/2/19, 18, 11, 32, 5, 2, 
2016/2/20, 35, 14, 34, 6, 2, 
2016/2/21, 33, 113, 28, 6, 1, 
2016/2/22, 119, 82, 27, 4, 1, 
2016/2/23, 75, 14, 28, 3, 1, 
2016/2/24, 32, 6, 28, 2, , 
2016/2/25, 11, 7, 26, 3, 2, 
2016/2/26, 22, 3, 28, 2, 2, 
2016/2/27, 7, 3, 26, 2, 1, 
2016/2/28, 15, 10, 28, 2, 1, 
2016/2/29, 28, 4, 29, 2, 1, 
2016/3/1, 12, 5, 27, 2, 1, 
2016/3/2, 15, 5, 31, 2, 1, 
2016/3/3, 11, 8, 27, 3, 3, 
2016/3/4, 17, 3, 28, 2, 3, 
2016/3/5, 7, 2, 27, 2, 2, 
2016/3/6, 15, 3, 23, 4, 2, 
2016/3/7, 12, 2, 29, 2, 1, 
2016/3/8, 8, 1, 24, 2, , 
2016/3/9, 7, 1, 27, 2, 2, 
2016/3/10, 6, 5, 27, 2, , 
2016/3/11, 12, 9, 30, 4, 1, 
2016/3/12, 30, 16, 32, 2, 2, 
2016/3/13, 57, 16, 28, 3, , 
2016/3/14, 60, 18, 27, 4, , 
2016/3/15, 61, 9, 31, 2, 1, 
2016/3/16, 36, 12, 27, 3, , 
2016/3/17, 49, 17, 29, 3, , 
2016/3/18, 58, 14, 27, 3, , 
2016/3/19, 55, 8, 29, 2, 1, 
2016/3/20, 32, 11, 28, 4, , 
2016/3/21, 45, 7, 26, 4, , 
2016/3/22, 29, 11, 30, 3, 2, 
2016/3/23, 45, 15, 41, 5, 1, 
2016/3/24, 51, 6, 46, 2, , 
2016/3/25, 21, 5, 35, 2, , 
2016/3/26, 16, 3, 44, 2, , 
2016/3/27, 8, 5, 32, 3, , 
2016/3/28, 13, 4, 36, 2, , 
2016/3/29, 10, 13, 44, 6, 1, 
2016/3/30, 33, 10, 41, 4, 1, 
2016/3/31, 22, 6, 36, 4, , 
2015/10/1, 53, 13, 37, 4, , 
2015/10/2, 43, 10, 10, 7, , 
2015/10/3, 34, , , , , 
2015/10/5, 58, , , , , 
2015/10/7, 17, 6, 27, 4, , 
2015/10/8, 17, 4, 9, 4, , 
2015/10/9, 17, , , , , 
2015/10/16, 52, 26, 12, 7, , 
2015/10/17, 74, , , , , 
2015/10/19, 39, 11, 32, 3, , 
2015/10/20, 38, 6, 42, 3, , 
2015/10/21, 21, 6, 40, 1, , 
2015/10/22, 21, 3, 16, 4, , 
2015/10/23, 11, , , , , 
2015/10/27, 26, 2, 28, 4, 1, 
2015/10/28, 10, 4, 25, 6, , 
2015/10/29, 15, 6, 8, 4, , 
2015/10/30, 21, , , , , 
2015/11/11, 35, 16, 22, 6, , 
2015/11/12, 51, 22, 10, 5, , 
2015/11/13, 72, , , , , 
2015/11/16, 29, 6, 18, 3, , 
2015/11/17, 17, 10, 24, 8, , 
2015/11/18, 28, 10, 21, 6, , 
2015/11/19, 27, 6, 23, 3, , 
2015/11/20, 12, 19, 25, 3, , 
2015/11/21, 23, , , , , 
2015/12/11, 49, 17, 25, 4, , 
2015/12/12, 56, 12, 25, 6, 1, 
2015/12/13, 38, 16, 20, 3, 1, 
2015/12/14, 44, 29, 22, 3, , 
2015/12/15, 59, 33, 23, 8, 1, 
2015/12/16, 60, 23, 19, 7, , 
2015/12/17, 45, 24, 24, 6, 1, 
2015/12/18, 49, 30, 20, 6, 1, 
2015/12/19, 68, 29, 15, 5, 1, 
2015/12/20, 75, 28, 20, 6, , 
2015/12/21, 77, 22, 21, 6, 2, 
2015/12/22, 64, 20, 19, 4, 1, 
2015/12/23, 57, 23, 23, 4, 1, 
2015/12/24, 67, 21, 23, 3, 2, 
2015/12/25, 65, 14, 25, 4, 2, 
2015/12/26, 45, 15, 25, 3, 2, 
2015/12/27, 47, 21, 23, 4, , 
2015/12/28, 64, 19, 21, 5, 2, 
2015/12/29, 53, 11, 22, 4, 1, 
2015/12/30, 27, , , , , 
2015/7/1, 35, 17, 42, 5, 2, 
2015/7/2, 36, 17, 43, 4, 1, 
2015/7/3, 42, 15, 45, 4, 2, 
2015/7/4, 36, 16, 54, 4, 5, 
2015/7/5, 37, 19, 54, 6, 4, 
2015/7/6, 39, 35, 65, 8, 2, 
2015/7/7, 50, 42, 48, 5, 4, 
2015/7/8, 65, , 35, 4, 4, 
2015/7/12, 17, 22, 46, 5, 4, 
2015/7/13, 50, 23, 43, 5, 3, 
2015/7/14, 56, 20, 44, 5, 9, 
2015/7/15, 51, 18, 52, 5, 7, 
2015/7/16, 43, 20, 48, 5, 3, 
2015/7/17, 42, 20, 39, 5, 5, 
2015/7/18, 51, 18, 42, 6, 7, 
2015/7/19, 49, 19, 40, 5, 5, 
2015/7/20, 53, 22, 37, 5, 10, 
2015/7/21, 61, , , , , 
2015/7/28, 44, 17, 19, 3, , 
2015/7/29, 49, 15, 32, 2, , 
2015/7/30, 45, 10, 31, 3, , 
2015/7/31, 33, 8, 16, 3, , 
2015/8/1, 29, , , , , 
2015/8/4, 37, 12, 46, 4, 5, 
2015/8/5, 36, 17, 41, 3, 2, 
2015/8/6, 49, , , , , 
2015/8/10, 41, 20, 33, 2, , 
2015/8/11, 55, 28, 38, 2, 3, 
2015/8/12, 68, 16, 42, 2, , 
2015/8/13, 33, 9, 37, 2, , 
2015/8/14, 10, 8, 24, 2, , 
2015/8/15, 22, 8, 35, 2, , 
2015/8/16, 25, 11, 24, 2, , 
2015/8/17, 39, , , , , 
2015/8/19, 30, 14, 34, 3, , 
2015/8/20, 44, 14, 38, 4, , 
2015/8/21, 42, 9, 35, 3, , 
2015/8/22, 26, 9, 32, 2, , 
2015/8/23, 20, 6, 31, 3, , 
2015/8/24, 12, 8, 38, 3, , 
2015/8/25, 17, 11, 36, 3, , 
2015/8/26, 30, 15, 39, 4, , 
2015/8/27, 37, 13, 40, 3, , 
2015/8/28, 27, 11, 36, 3, , 
2015/8/29, 30, 20, 36, 2, , 
2015/8/30, 50, 23, 33, 2, , 
2015/8/31, 57, 16, 36, 3, 4, 
2015/9/1, 40, 11, 36, 3, , 
2015/9/2, 33, 19, 33, 3, , 
2015/9/3, 50, 12, 27, 4, 1, 
2015/9/4, 38, 7, 35, 3, , 
2015/9/5, 21, 10, 32, 4, , 
2015/9/6, 33, 10, 25, 5, , 
2015/9/7, 35, 8, 34, 4, , 
2015/9/8, 28, 10, 37, 5, , 
2015/9/9, 36, 15, 32, 6, , 
2015/9/10, 47, 18, 38, 4, , 
2015/9/11, 54, 16, 34, 5, , 
2015/9/12, 52, 13, 35, 4, , 
2015/9/13, 32, 7, 32, 5, , 
2015/9/14, 15, 7, 14, 5, , 
2015/9/15, 21, , , , , 
2015/9/30, 21, 14, 7, 4, , 
2015/4/1, 18, 9, 36, 5, 1, 
2015/4/2, 25, 7, 33, 3, 1, 
2015/4/3, 24, 10, 32, 3, 1, 
2015/4/4, 34, 5, 31, 2, 1, 
2015/4/5, 18, 9, 34, 2, 1, 
2015/4/6, 36, 9, 38, 4, 1, 
2015/4/7, 32, 8, 43, 4, 1, 
2015/4/8, 28, 8, 39, 3, 1, 
2015/4/9, 33, 8, 40, 3, , 
2015/4/10, 27, 17, 29, 4, 1, 
2015/4/11, 55, 17, 44, 3, , 
2015/4/12, 36, 21, 47, 5, , 
2015/4/13, 38, 18, 43, 4, , 
2015/4/14, 38, 15, 39, 6, , 
2015/4/15, 37, 11, 35, 4, 1, 
2015/4/16, 33, 6, 35, 3, 1, 
2015/4/17, 17, 11, 40, 4, , 
2015/4/18, 38, 3, 37, 2, , 
2015/4/19, 9, 5, 36, 3, , 
2015/4/20, 14, 7, 38, 3, , 
2015/4/21, 20, 8, 40, 4, , 
2015/4/22, 30, 9, 40, 3, , 
2015/4/23, 29, 14, 38, 4, , 
2015/4/24, 44, 8, 30, 3, , 
2015/4/25, 22, 5, 34, 2, , 
2015/4/26, 13, 3, 34, 2, , 
2015/4/27, 6, 6, 35, 3, , 
2015/4/28, 12, 8, 36, 4, , 
2015/4/29, 30, 11, 39, 4, , 
2015/4/30, 38, , , , , 
2015/5/5, 21, 9, 44, 2, 2, 
2015/5/6, 15, 13, 42, 3, 3, 
2015/5/7, 30, 13, 36, 3, 2, 
2015/5/8, 27, 11, 38, 2, 3, 
2015/5/9, 21, 13, 39, 2, 2, 
2015/5/10, 26, 17, 43, 5, 2, 
2015/5/11, 28, 19, 59, 4, 1, 
2015/5/12, 33, 27, 66, 8, 3, 
2015/5/13, 47, 61, 45, 2, 8, 
2015/5/14, 69, 24, 40, , 1, 
2015/5/15, 21, 15, 47, 4, , 
2015/5/16, 13, 8, 44, 4, , 
2015/5/17, 16, 11, 49, 4, , 
2015/5/18, 21, 12, 33, 4, , 
2015/5/19, 32, 4, 41, 5, , 
2015/5/20, 15, 4, 43, 3, , 
2015/5/21, 10, 6, 43, 2, , 
2015/5/22, 17, 9, 44, 3, , 
2015/5/23, 23, 9, 42, 2, , 
2015/5/24, 23, 10, 43, 3, , 
2015/5/25, 29, 6, 36, 5, , 
2015/5/26, 13, 9, 40, 2, , 
2015/5/27, 21, 12, 45, 3, , 
2015/5/28, 34, 11, 48, 3, , 
2015/5/29, 27, 10, 44, 2, , 
2015/5/30, 29, 8, 36, 2, , 
2015/5/31, 30, , , , , 
2015/6/3, 26, 8, 52, 3, 2, 
2015/6/4, 22, 12, 45, 4, 1, 
2015/6/5, 33, 12, 45, 4, , 
2015/6/6, 32, 10, 48, 4, 3, 
2015/6/7, 21, 12, 51, 4, 2, 
2015/6/8, 26, 17, 51, 4, 2, 
2015/6/9, 41, 13, 42, 3, 2, 
2015/6/10, 47, 17, 35, 4, 4, 
2015/6/11, 53, 11, 38, 3, 2, 
2015/6/12, 32, 13, 30, 2, 3, 
2015/6/13, 46, 7, 34, 3, 2, 
2015/6/14, 20, 7, 35, 2, 2, 
2015/6/15, 22, 4, 34, 2, 2, 
2015/6/16, 13, 7, 38, 3, 3, 
2015/6/17, 22, 11, 43, 3, 2, 
2015/6/18, 31, 10, 45, 3, 2, 
2015/6/19, 29, 9, 35, 2, 2, 
2015/6/20, 22, 11, 40, 3, 3, 
2015/6/21, 30, 12, 39, 4, 5, 
2015/6/22, 33, 12, 40, 3, 1, 
2015/6/23, 33, 8, 41, 3, 2, 
2015/6/24, 24, , , , , 
2015/6/26, 33, 16, 46, 4, 4, 
2015/6/27, 39, 19, 47, 4, 3, 
2015/6/28, 43, 17, 47, 4, 2, 
2015/6/29, 45, 14, 52, 5, 2, 
2015/6/30, 31, 16, 43, 5, 2, 
2015/1/1, 28, 7, 29, 2, 2, 
2015/1/2, 18, 4, 32, 1, 2, 
2015/1/3, 13, 4, 32, 3, 3, 
2015/1/4, 17, 11, 24, 2, , 
2015/1/5, 41, 19, 26, 3, 1, 
2015/1/6, 62, 19, 26, 2, , 
2015/1/7, 64, 12, 26, 3, 1, 
2015/1/8, 43, 6, 29, 2, 1, 
2015/1/9, 19, 7, 36, 2, , 
2015/1/10, 20, 5, 32, , , 
2015/1/11, 10, 9, 30, 2, , 
2015/1/12, 30, 12, 26, 3, , 
2015/1/13, 37, 9, 27, 3, , 
2015/1/14, 28, 12, 31, 2, , 
2015/1/15, 34, 6, 33, , , 
2015/1/16, 21, 7, 30, , , 
2015/1/17, 17, 7, 31, , , 
2015/1/18, 24, 2, 28, , , 
2015/1/19, 11, 5, 26, , , 
2015/1/20, 19, 3, 27, 2, , 
2015/1/21, 15, 2, 28, , , 
2015/1/22, 10, 3, 31, , , 
2015/1/23, 10, 3, 32, , , 
2015/1/24, 13, 3, 33, , , 
2015/1/25, 8, 8, 31, 3, , 
2015/1/26, 27, 4, 29, 2, , 
2015/1/27, 10, 4, 30, 2, 1, 
2015/1/28, 22, 6, 29, 1, , 
2015/1/29, 16, 2, 25, 3, , 
2015/1/30, 8, 1, 33, 1, 1, 
2015/1/31, 5, 3, 31, , 1, 
2015/2/1, 11, 5, 28, 2, 1, 
2015/2/2, 20, 2, 32, 2, , 
2015/2/3, 12, 5, 30, 1, 2, 
2015/2/4, 14, 18, 31, 2, 3, 
2015/2/5, 25, 4, 28, 3, 1, 
2015/2/6, 17, 8, 20, 4, , 
2015/2/7, 34, 7, 30, 3, , 
2015/2/8, 30, 11, 30, 6, 2, 
2015/2/9, 43, 12, 33, 5, 1, 
2015/2/10, 45, 17, 24, 6, , 
2015/2/11, 52, 14, 23, 5, , 
2015/2/12, 49, 8, 33, 3, , 
2015/2/13, 26, 9, 29, 4, , 
2015/2/14, 31, 1, 25, 2, , 
2015/2/15, 7, 4, 27, 6, , 
2015/2/16, 14, 2, 28, 3, , 
2015/2/17, 9, 7, 29, 4, , 
2015/2/18, 28, 14, 37, 4, , 
2015/2/19, 54, 17, 36, 4, , 
2015/2/20, 60, 10, 31, 3, , 
2015/2/21, 36, 1, 32, 2, , 
2015/2/22, 6, 3, 25, 2, 2, 
2015/2/23, 12, 2, 32, , , 
2015/2/24, 5, 1, 29, , , 
2015/2/25, 5, 1, 26, 2, , 
2015/2/26, 8, 3, 36, 1, , 
2015/2/27, 7, 2, 30, 2, 1, 
2015/2/28, 7, 2, 24, 5, 1, 
2015/3/1, 8, 4, 23, 5, , 
2015/3/2, 13, 10, 24, 6, , 
2015/3/3, 36, 6, 35, 2, 1, 
2015/3/4, 19, 3, 38, 2, 1, 
2015/3/5, 9, 7, 37, 5, 1, 
2015/3/6, 17, , , , , 
2015/3/13, 80, 9, 28, 2, , 
2015/3/14, 21, , , , , 
2015/3/16, 21, 17, 37, 5, , 
2015/3/17, 57, 8, 31, 3, , 
2015/3/18, 34, 9, 35, 2, , 
2015/3/19, 35, 7, 34, 2, , 
2015/3/20, 25, 5, 28, 3, , 
2015/3/21, 20, 4, 30, 2, , 
2015/3/22, 17, 4, 31, 3, , 
2015/3/23, 17, 5, 31, 3, , 
2015/3/24, 18, 1, 34, 2, , 
2015/3/25, 5, 1, 31, 2, , 
2015/3/26, 10, 1, 28, 2, , 
2015/3/27, 5, 1, 27, 2, , 
2015/3/28, 8, 4, 32, 2, , 
2015/3/29, 14, 4, 32, 2, , 
2015/3/30, 11, 4, 32, 3, , 
2015/3/31, 9, 6, 34, 3, , 
2014/10/3, 34, 16, 42, 1, 1, 
2014/10/4, 54, 17, 38, , , 
2014/10/5, 55, 17, 38, 2, 1, 
2014/10/6, 54, , , , , 
2014/10/8, 17, 8, 27, 1, 2, 
2014/10/9, 20, 5, 26, , 1, 
2014/10/10, 15, 7, 31, , 1, 
2014/10/11, 29, 5, 35, , 2, 
2014/10/12, 19, , , , , 
2014/10/14, 15, 3, 32, 2, 2, 
2014/10/15, 8, 4, 24, , 3, 
2014/10/16, 9, 7, 28, 2, 2, 
2014/10/17, 24, 9, 32, 3, 1, 
2014/10/18, 26, 22, 34, 1, 1, 
2014/10/19, 44, 34, 32, 4, 1, 
2014/10/20, 57, 42, 30, 2, 2, 
2014/10/21, 59, 19, 34, , 4, 
2014/10/22, 25, 10, 40, 2, 5, 
2014/10/23, 14, 13, 38, 2, 2, 
2014/10/24, 22, 22, 37, 2, 1, 
2014/10/25, 41, 18, 36, , , 
2014/10/26, 37, 19, 33, , , 
2014/10/27, 54, 22, 31, , , 
2014/10/28, 61, 24, 29, 2, 1, 
2014/10/29, 66, 27, 32, , , 
2014/10/30, 72, 22, 33, , , 
2014/10/31, 65, 23, 33, , 2, 
2014/11/1, 67, 18, 32, , , 
2014/11/2, 59, 15, 35, , 2, 
2014/11/3, 45, 4, 32, , 2, 
2014/11/4, 17, 3, 32, , 2, 
2014/11/5, 11, 4, 31, 5, 2, 
2014/11/6, 19, 4, 24, 2, , 
2014/11/7, 19, 6, 34, 2, 2, 
2014/11/8, 19, 3, 29, 2, 1, 
2014/11/9, 13, 3, 33, 7, 2, 
2014/11/10, 12, 7, 20, 2, 1, 
2014/11/11, 30, 3, 30, 2, 2, 
2014/11/12, 13, 3, 31, 2, , 
2014/11/13, 15, 4, 27, 2, , 
2014/11/14, 14, 3, 34, 1, 1, 
2014/11/15, 9, 3, 32, 2, 1, 
2014/11/16, 14, 4, 32, 2, 2, 
2014/11/17, 14, 6, 32, 4, 1, 
2014/11/18, 19, 8, 27, 3, , 
2014/11/19, 26, 14, 33, 2, 1, 
2014/11/20, 45, 23, 27, 2, , 
2014/11/21, 64, 23, 24, 2, , 
2014/11/22, 59, 27, 21, 2, , 
2014/11/23, 58, 29, 23, 2, 1, 
2014/11/24, 56, 36, 24, 2, , 
2014/11/25, 69, 4, 27, 3, 1, 
2014/11/26, 15, 11, 27, 2, 2, 
2014/11/27, 37, 10, 26, 2, , 
2014/11/28, 37, 5, 28, 2, , 
2014/11/29, 18, 23, 24, 1, 2, 
2014/11/30, 53, 6, 29, , 2, 
2014/12/1, 16, 3, 25, , 3, 
2014/12/2, 13, 5, 22, 3, 2, 
2014/12/3, 15, 4, 20, 1, 2, 
2014/12/4, 18, 7, 26, 2, 2, 
2014/12/5, 27, 4, 28, 1, 3, 
2014/12/6, 12, 2, 35, , 1, 
2014/12/7, 9, 1, 30, , 1, 
2014/12/8, 6, 2, 33, , 2, 
2014/12/9, 7, 2, 31, 2, 1, 
2014/12/10, 8, 2, 29, , 2, 
2014/12/11, 9, 7, 25, 3, 2, 
2014/12/12, 20, 14, 31, 3, 2, 
2014/12/13, 42, 18, 25, 2, , 
2014/12/14, 49, 3, 30, , 1, 
2014/12/15, 11, 2, 27, , 3, 
2014/12/16, 10, 1, 31, , 2, 
2014/12/17, 7, 3, 26, 2, 2, 
2014/12/18, 13, 6, 20, 3, 1, 
2014/12/19, 22, 8, 28, 2, 3, 
2014/12/20, 31, 3, 28, 3, 2, 
2014/12/21, 11, 5, 23, 3, 1, 
2014/12/22, 21, 7, 27, 3, 2, 
2014/12/23, 21, 10, 25, 2, 3, 
2014/12/24, 34, 4, 30, 1, 3, 
2014/12/25, 16, 4, 29, 2, 2, 
2014/12/26, 22, 17, 25, 1, 2, 
2014/12/27, 34, 7, 32, , 2, 
2014/12/28, 17, , , , , 
2014/7/1, 39, 9, 38, 1, , 
2014/7/2, 34, 7, 30, 1, 1, 
2014/7/3, 28, 2, 38, 1, 1, 
2014/7/4, 9, 6, 50, 1, 1, 
2014/7/5, 20, 7, 40, 1, 1, 
2014/7/6, 20, 9, 27, 2, , 
2014/7/7, 36, 7, 40, 1, 1, 
2014/7/8, 27, 7, 34, 1, 1, 
2014/7/9, 23, 7, 42, 1, 2, 
2014/7/10, 12, 7, 38, 1, 1, 
2014/7/11, 15, 5, 34, 1, , 
2014/7/12, 19, 8, 35, 1, , 
2014/7/13, 31, 9, 34, 1, 2, 
2014/7/14, 37, 8, 36, 3, 1, 
2014/7/15, 31, 8, 39, 3, 1, 
2014/7/16, 27, 8, 44, 2, 1, 
2014/7/17, 25, , 40, 2, 2, 
2014/7/31, 13, , 43, 2, 1, 
2014/8/6, 33, 4, 38, 2, , 
2014/8/7, 17, , 41, 2, 2, 
2014/8/9, 31, 10, 44, 1, , 
2014/8/10, 31, 10, 40, 1, 2, 
2014/8/11, 35, 13, 38, 1, 1, 
2014/8/12, 50, 9, 35, 1, 1, 
2014/8/13, 28, 7, 38, 1, 2, 
2014/8/14, 15, 6, 34, , 2, 
2014/8/15, 24, 7, 37, 1, , 
2014/8/16, 28, 9, 23, 1, , 
2014/8/17, 38, 7, 37, 1, 2, 
2014/8/18, 29, 8, 38, 1, 2, 
2014/8/19, 31, 10, 40, 1, 2, 
2014/8/20, 43, 10, 37, 1, 1, 
2014/8/21, 41, 10, 38, 1, 1, 
2014/8/22, 45, 9, 37, 1, 1, 
2014/8/23, 36, 7, 38, 1, 1, 
2014/8/24, 28, 10, 39, 1, , 
2014/8/25, 35, 12, 56, 2, 1, 
2014/8/26, 24, 9, 43, 1, , 
2014/8/27, 22, 9, 44, 1, , 
2014/8/28, 31, 11, 35, 1, , 
2014/8/29, 46, 9, 36, 1, 2, 
2014/8/30, 37, 9, 35, 1, 1, 
2014/8/31, 38, 11, 45, 1, , 
2014/9/1, 34, 10, 41, 1, , 
2014/9/2, 39, 14, 28, 1, , 
2014/9/3, 49, 14, 49, 1, 1, 
2014/9/4, 50, 15, 49, 1, , 
2014/9/5, 55, 14, 50, 1, , 
2014/9/6, 54, 14, 43, 1, 2, 
2014/9/7, 52, 8, 43, 1, 1, 
2014/9/8, 27, 9, 41, 1, 1, 
2014/9/9, 34, 11, 44, 1, , 
2014/9/10, 38, 9, 49, 1, 2, 
2014/9/11, 24, 6, 58, 1, , 
2014/9/12, 18, 9, 52, 1, 1, 
2014/9/13, 34, 9, 43, 1, 1, 
2014/9/14, 36, 9, 43, 1, 2, 
2014/9/15, 35, 11, 42, 1, 1, 
2014/9/16, 42, 6, 37, 1, 1, 
2014/9/17, 24, 4, 38, 2, 2, 
2014/9/18, 11, 4, 42, 2, 1, 
2014/9/19, 11, 7, 43, 2, 1, 
2014/9/20, 19, 9, 40, 3, 1, 
2014/9/21, 30, 7, 29, 2, , 
2014/9/22, 24, 9, 35, 1, , 
2014/9/23, 28, 7, 31, 2, , 
2014/9/24, 22, 21, 40, 1, 2, 
2014/9/25, 68, 24, 41, 2, 1, 
2014/9/26, 73, 22, 13, 2, , 
2014/9/27, 67, , , , , 
2014/6/7, 45, 21, 43, 2, 2, 
2014/6/8, 55, 24, 44, 3, 3, 
2014/6/9, 50, 21, 44, 2, 7, 
2014/6/10, 38, 15, 48, 3, 5, 
2014/6/11, 32, 15, 51, 2, 8, 
2014/6/12, 34, 14, 47, 2, 1, 
2014/6/13, 34, 14, 47, 1, 4, 
2014/6/14, 31, 21, 44, 1, 6, 
2014/6/15, 40, 10, 40, 1, 14, 
2014/6/16, 28, 10, 41, 2, 2, 
2014/6/17, 35, 12, 43, 3, 1, 
2014/6/18, 42, 16, 43, 1, 1, 
2014/6/19, 49, 9, 48, 2, 1, 
2014/6/20, 26, 12, 50, 3, , 
2014/6/21, 25, 13, 39, 1, , 
2014/6/22, 36, 21, 36, 2, , 
2014/6/23, 60, 14, 20, 2, , 
2014/6/24, 48, 7, 37, 2, 1, 
2014/6/25, 25, 13, 43, 2, , 
2014/6/26, 45, 14, 48, 2, , 
2014/6/27, 46, 11, 47, 3, , 
2014/6/28, 33, 6, 34, 1, , 
2014/6/29, 16, 9, 34, 1, , 
2014/6/30, 31, 11, 43, 2, , 
2024/12/31, , 7, 17, , 1, 
2025/1/9, , 1, 31, , 1, 
2025/1/11, , 1, 36, , 1, 
2024/10/2, , 5, 26, 1, 1, 
2024/10/30, , 10, 6, 4, 1, 
2024/11/3, , 14, 23, 5, 1, 
2024/11/5, , 14, 20, 4, 1, 
2024/12/8, , 1, 23, , 1, 
2024/12/15, , 3, 24, 2, 1, 
2024/7/17, , 12, 39, 3, 1, 
2024/7/25, , 5, 31, 3, 1, 
2024/7/29, , 7, 24, 1, 1, 
2024/8/1, , 12, 37, 1, 1, 
2024/8/4, , 10, 6, 8, 1, 
2024/8/7, , 9, 36, 3, 1, 
2024/8/22, , 16, 5, 4, 1, 
2024/8/29, , 10, 33, , 1, 
2024/9/23, , 16, 12, 4, 1, 
2024/9/29, , 5, 31, 3, 1, 
2024/5/3, , 6, 39, 5, 1, 
2024/1/7, , 2, 26, , 1, 
2024/1/24, , 7, 23, 1, 1, 
2024/3/18, , 5, 33, 1, 1, 
2024/3/27, , 1, 31, , 1, 
2023/11/12, , 3, 24, 3, 1, 
2023/7/2, , 10, 31, 2, 1, 
2023/8/15, , 3, 37, 7, 1, 
2023/8/17, , 21, 36, 6, 1, 
2023/8/27, , 4, 28, , 1, 
2023/9/3, , 22, 26, 1, 1, 
2023/5/21, , 11, 31, 2, 1, 
2023/2/5, , 6, 20, 4, 1, 
2023/2/14, , 17, 17, 8, 1, 
2023/2/26, , 4, 28, 1, 1, 
2023/3/6, , 2, , , 1, 
2023/3/27, , 13, 42, 2, 1, 
2022/10/12, , 11, 28, 4, 1, 
2022/11/14, , 2, 22, 1, 1, 
2022/12/6, , 16, 15, 7, 1, 
2022/8/21, , 8, 28, 5, 1, 
2022/9/19, , 8, 27, 5, 1, 
2022/6/19, , 21, 38, 8, 1, 
2022/6/28, , 4, 50, 5, 1, 
2021/10/24, , 11, 33, 10, , 
2021/11/29, , 4, 27, 5, 1, 
2021/12/12, , 7, 21, 7, , 
2021/12/19, , 12, 22, 9, 1, 
2021/9/12, , 25, 4, 5, 2, 
2021/4/4, , 13, 37, 1, 1, 
2021/6/6, , 12, 27, 5, , 
2021/6/13, , 10, 68, 2, 1, 
2021/1/23, , 1, 37, , 1, 
2021/2/21, , 28, 20, 1, 1, 
2020/11/29, , 8, 23, 30, 1, 
2020/12/9, , 2, 29, 3, 1, 
2020/12/26, , 3, 31, , 1, 
2020/12/30, , 1, 32, , 1, 
2020/7/9, , 10, 43, 1, 1, 
2020/8/10, , 8, 36, 2, 1, 
2020/3/31, , 2, 32, , 1, 
2020/6/5, , 7, 41, 2, 1, 
2020/6/7, , 4, 26, 2, 1, 
2020/6/21, , 7, 34, 11, 1, 
2020/6/25, , 8, 43, 6, 1, 
2020/3/8, , 5, 34, 1, 2, 
2019/9/4, , 6, 31, 1, 1, 
2018/12/31, , 5, 25, 3, , 
2018/5/28, , 11, 36, 1, 1, 
2017/12/31, , 4, 35, 1, 1, 
2018/1/8, , 2, 34, 2, , 
2017/8/6, , 21, 41, 3, , 
2017/9/12, , 4, 14, 4, , 
2017/9/14, , 10, 18, 2, , 
2017/9/18, , 7, 39, 3, , 
2017/4/17, , 15, 32, 2, , 
2017/5/1, , 6, 42, 2, 1, 
2017/1/3, , 8, 30, 2, 4, 
2017/1/23, , 4, 1, , 2, 
2016/8/9, , 7, 16, 2, , 
2016/8/11, , 16, 44, 2, , 
2016/9/24, , 15, 1, 3, 3, 
2016/5/1, , 7, 42, 5, , 
2016/5/24, , 13, 51, 2, , 
2016/5/26, , 16, 26, , , 
2016/5/30, , 7, 40, 2, 1, 
2016/6/7, , 12, 60, 2, 1, 
2016/6/13, , 14, 40, 2, 1, 
2016/1/3, , 2, 20, 2, 1, 
2015/10/4, , 29, 19, 2, , 
2015/10/6, , 6, 32, 3, , 
2015/10/15, , 15, 28, 6, , 
2015/10/18, , 10, 48, 4, 1, 
2015/10/26, , 7, 9, 3, , 
2015/11/10, , 12, 21, 8, , 
2015/11/15, , 10, 22, 7, , 
2015/12/10, , 15, 21, 5, 2, 
2015/7/11, , 11, 42, 3, 7, 
2015/7/27, , 15, 25, 4, 1, 
2015/8/3, , 15, 44, 4, , 
2015/8/9, , 17, 38, 2, , 
2015/8/18, , 10, 35, 2, 2, 
2015/9/29, , 5, 35, 4, , 
2015/5/4, , 10, 37, 2, 2, 
2015/6/2, , 10, 70, 6, , 
2015/6/25, , 13, 53, 5, 2, 
2014/12/31, , 8, 28, 2, 1, 
2015/3/12, , 29, 11, 15, , 
2015/3/15, , 5, 26, 1, , 
2014/10/2, , 10, 43, 2, 1, 
2014/10/7, , 6, 32, 2, , 
2014/10/13, , 3, 33, , 3, 
2014/7/30, , 6, 45, 2, 1, 
2014/8/5, , 8, 39, 2, 4, 
2014/8/8, , 9, 42, 2, 1, 
2014/6/6, , 18, 50, 2, 3, 
2024/7/13, , , 31, 1, , 
2024/7/14, , , 36, 1, , 
2024/7/15, , , 26, 2, , 
2024/7/22, , , 10, 3, 1, 
2024/7/23, , , 20, 1, 1, 
2024/1/19, , , 19, , 1, 
2024/1/20, , , 23, 1, 1, 
2024/1/21, , , 26, , 2, 
2024/1/22, , , 23, 3, 1, 
2024/1/23, , , 26, 2, 1, 
2023/8/13, , , 32, 5, 1, 
2023/8/14, , , 35, 5, 1, 
2022/6/25, , , 37, 5, 2, 
2022/6/26, , , 31, 4, 1, 
2022/6/27, , , 30, 2, 1, 
2020/8/9, , , 38, 4, 1, 
2020/6/4, , , 37, 3, 1, 
2020/6/23, , , 35, 6, 1, 
2020/6/24, , , 39, 5, 1, 
2018/10/21, , , 25, 5, 2, 
2015/7/9, , , 46, 4, 5, 
2015/7/10, , , 38, 3, 5, 
2014/7/18, , , 45, 2, 3, 
2014/7/19, , , 35, , 2, 
2014/7/20, , , 34, 1, 1, 
2014/7/21, , , 37, 2, 1, 
2014/7/22, , , 41, 2, 1, 
2014/7/23, , , 37, 2, 1, 
2014/7/24, , , 42, 2, 4, 
2014/7/25, , , 43, 2, 1, 
2014/7/26, , , 44, 2, 1, 
2014/7/27, , , 43, 2, 1, 
2014/7/28, , , 36, 1, 3, 
2014/7/29, , , 39, 1, 1, 
2014/8/1, , , 42, 1, 2, 
2014/8/2, , , 39, 1, 3, 
2014/8/3, , , 36, 2, 1, 
2014/8/4, , , 34, 2, 1, 